method,instance,seed,start_gap,gap,heat_time,time
gnn,0,0,4.503459155633216,0.13955157030587362,0.25065286699998524,1.8074623759999895
softdist,0,0,4.422560690087574,0.3862088278147935,0.011096512999984043,1.6517078150000088
dist,0,0,4.595502034207688,0.4689843170984531,0.010469200999978057,1.660077782999906
difusco,0,0,2.5044304217034075,1.0734992899456897,0.0017001969999910216,1.689444033999962
dimes,0,0,6.25716808585095,1.0843659686212703,0.0009666119999565126,1.0234960120000096
attgcn,0,0,5.350705681077184,0.9417187850310205,0.001073371999950723,1.019522199999983
gnn,1,0,4.0434133061427735,0.4988917929110048,0.2781686710000031,1.2901281590000053
softdist,1,0,3.4340897009558002,0.9637759530327861,0.009948754999982157,1.015262340999925
dist,1,0,5.309972271961794,0.9766757944990934,0.004841212999963318,1.0165996129999257
difusco,1,0,2.8797686618624807,0.6545117410897472,0.0008372209999834013,1.0046322370000098
dimes,1,0,4.107654332136801,0.8270844341098593,0.0009593139999424238,1.0140124869999454
attgcn,1,0,6.063450566570205,0.6851169776760591,0.0011593740000535036,1.0050438020000456
gnn,2,0,3.7093979473460603,0.5064399780662532,0.22275494199993773,1.2281673960000035
softdist,2,0,4.323099802035535,0.8031929129969084,0.00492733299995507,1.0368085799999562
dist,2,0,4.921350468826025,0.9460007033488482,0.004363319999924897,1.021479677000002
difusco,2,0,0.5268788954622572,0.3897795374663282,0.0007521640000049956,1.0179216100000303
dimes,2,0,5.281982692331133,1.0439436416066261,0.0007030240000176491,1.0043842260000702
attgcn,2,0,7.500465234144649,0.7689453043450367,0.001354692000063551,1.0065581380000594
gnn,3,0,3.9868032628210592,0.3151255863686808,0.11612773900003504,1.1220473470000343
softdist,3,0,5.7269365581723575,1.002562322319589,0.006308795999984795,1.0128697589999547
dist,3,0,5.744437970556393,0.4183830994795912,0.0041710210000474035,1.0095850460000975
difusco,3,0,0.9278545291029561,0.5571832443751257,0.0007548620000079609,1.0045122129999982
dimes,3,0,5.272319745533927,1.1812478159231476,0.0011681150000413254,1.0098651389999986
attgcn,3,0,5.59239055796501,1.1965966537096584,0.0011053389999915453,1.0054761709999411
gnn,4,0,3.831620263078328,0.6942704682306511,0.2259970349999776,1.230853545000059
softdist,4,0,5.079126786510479,0.7127063004115586,0.004677067999978135,1.0094693439999674
dist,4,0,3.570069283493371,0.4793803274089736,0.004157177000024603,1.0088246840000465
difusco,4,0,3.765301873232718,0.09726763648318926,0.0007677589999275369,1.0052683709999428
dimes,4,0,6.314818248369192,0.8455204953196738,0.0007938270000522607,1.0150834790000545
attgcn,4,0,5.9418336651159365,1.315518965574758,0.001001803999997719,1.0052041290000489
gnn,5,0,5.661026175706074,0.5593050444044234,0.10037437199991928,1.1069346309999446
softdist,5,0,3.7297966656841153,0.4715674276854376,0.005411051999999472,1.0125417929999685
dist,5,0,4.512792046591052,0.3165085405675727,0.006155938999995669,1.012683743000025
difusco,5,0,1.789316394514473,0.5621835733751634,0.0008929179999768166,1.0073538880000115
dimes,5,0,5.8751008870504995,1.5853688806188204,0.00099028299996462,1.008259714000019
attgcn,5,0,4.106958444333486,0.31655563565586853,0.0010544909999907759,1.0049284760000319
gnn,6,0,4.9504281891852076,0.6825841751056494,0.18439957399994,1.1908246209999334
softdist,6,0,3.831711850027286,0.5802901941257099,0.0056004580000035276,1.0110323899999685
dist,6,0,4.125932135924404,1.098909660007874,0.004470730999969419,1.0106043380000074
difusco,6,0,1.842476654499281,0.5296068825529243,0.0008446159999948577,1.004652864000036
dimes,6,0,5.044165203309481,0.8833694149684934,0.0007386180000139575,1.0049875790000442
attgcn,6,0,5.613623980632765,0.9276097468137179,0.0012425900000607726,1.014022935000071
gnn,7,0,5.2599016089927675,0.704870267303126,0.12888453700008995,1.1352906500000017
softdist,7,0,5.141898689675761,0.8610533444113777,0.004698609000001852,1.0093323759999748
dist,7,0,5.113387700346861,0.1128526661592133,0.004547440999999708,1.0103298520000408
difusco,7,0,0.8762246797095585,0.24998132447744403,0.0009138030000030994,1.004668387000038
dimes,7,0,4.5744588161021005,0.06837445445380119,0.0007517249999864362,1.0049968619999845
attgcn,7,0,6.89643865815488,0.08966350197201489,0.002075721999972302,1.0074017519999643
gnn,8,0,2.6530049243543186,0.3373771340959175,0.11368435800000043,1.118516019000026
softdist,8,0,3.813005771903044,0.5409822138435771,0.006658934000029149,1.0122570390000192
dist,8,0,3.7976268277593483,0.6034794008756617,0.004393286999970769,1.010810159000016
difusco,8,0,2.225511356887333,0.4996617848743057,0.0008389289999968241,1.0043006519999835
dimes,8,0,4.61077128423053,0.6407799354672505,0.0007498690000602437,1.0046260820000725
attgcn,8,0,4.7393900222914676,0.5313363265986304,0.0014377819999253916,1.0064545369999678
gnn,9,0,3.595048331118722,0.8984452710221191,0.07942182199997205,1.084294774
softdist,9,0,5.16878428428631,1.0508442992098077,0.004969090000031429,1.0409752620000745
dist,9,0,4.7226250424674765,0.8723942248384464,0.004179077000003417,1.0091482310000401
difusco,9,0,2.4156352294143257,0.6794320383498809,0.0007419479999271061,1.0042344419999836
dimes,9,0,4.311467589213613,1.0286044958712992,0.0010999439999750393,1.0059260130000212
attgcn,9,0,5.9080684617010215,0.6888413253148151,0.0010427500000105283,1.006731870000067
gnn,10,0,3.704129678559376,0.5706583820046962,0.14335143799996786,1.1526706680000416
softdist,10,0,3.965768511182821,0.6048265804472486,0.005259518000002572,1.012376146000065
dist,10,0,6.098955638781378,1.2447413865608326,0.004507874999944761,1.0099996980000014
difusco,10,0,0.8483354130142784,0.3208974865432035,0.0008392959999810046,1.0044441919999372
dimes,10,0,4.374997185137208,0.39515339588982457,0.0009315099999867016,1.007431997000026
attgcn,10,0,5.855177395495725,0.8975947132658257,0.0012103560000014113,1.0109748810000383
gnn,11,0,4.131362942034222,0.9235736079460377,0.08428854500004945,1.089828447000059
softdist,11,0,3.1358801403842396,0.25131715477282324,0.0051755649999449815,1.017217518999928
dist,11,0,4.974232761510944,0.6698998046604787,0.004372243000034359,1.0090488129999358
difusco,11,0,1.901759078820242,0.08619179040043612,0.0008400579999943147,1.0055032029999893
dimes,11,0,3.695910900779875,0.9529896284867334,0.0007632650000459762,1.004704922999963
attgcn,11,0,4.60717368625323,0.4874718714170667,0.0010914019999290758,1.0064537009999412
gnn,12,0,5.2801422320266855,0.3126760656850802,0.10836134900000616,1.1150353609999684
softdist,12,0,4.174962068734955,0.8267110596902549,0.0050002790000007735,1.0101213279999683
dist,12,0,3.8296422102813032,0.7343444799421173,0.005326355000079275,1.0115874090000716
difusco,12,0,3.2129298075677992,0.4709106617832193,0.0010085159999562165,1.0065317510000114
dimes,12,0,6.064245053799655,0.14033840119280772,0.0008899219999420893,1.0069656419999546
attgcn,12,0,4.810902179902388,1.0570443009612074,0.001014621999956944,1.005109655999945
gnn,13,0,3.0227209761859664,0.09511834493876048,0.11901776499996686,1.124849356000027
softdist,13,0,3.7625852026517137,0.33809324158260434,0.004525291999925685,1.0099315539999907
dist,13,0,4.187871918948449,0.716215287269506,0.004280446000052507,1.0093128370000386
difusco,13,0,1.5351278645463484,-2.220446049250313e-14,0.0008544569999457963,1.0044136389999494
dimes,13,0,4.837420951554772,1.369485752381605,0.0006927529999529725,1.0043496020000475
attgcn,13,0,7.932981573977171,0.2708801355314261,0.0010194469999760258,1.0053006199999572
gnn,14,0,4.665707378805983,0.7887123569171761,0.10727076399996349,1.1122213269999293
softdist,14,0,3.9207753273312607,0.6214889342733176,0.0046630130000266945,1.009692493999978
dist,14,0,4.457439470167013,0.7148316282709066,0.004024862000051144,1.008759173000044
difusco,14,0,0.8939944199045868,0.013603944711815252,0.0007456370000227253,1.004158039999993
dimes,14,0,4.043025047687276,0.6675982813073356,0.0007039429999622371,1.0047258259999126
attgcn,14,0,6.089418253414891,0.8502402224978223,0.0012054269999453027,1.0052880299999742
gnn,15,0,3.0826483128941096,0.32154593410964605,0.10988251799994941,1.1158688489999804
softdist,15,0,4.609556225838829,0.7208895696245721,0.004677749999927983,1.0144197999999278
dist,15,0,4.2290109848024615,1.289624570929293,0.004040130000021236,1.008735543000057
difusco,15,0,1.3582356248051042,0.41364918302098097,0.0007986289999735163,1.0043695189999653
dimes,15,0,4.602794706864799,1.1860935852557208,0.0006881470000053014,1.005010234999986
attgcn,15,0,3.1198104744391664,0.6590282040554785,0.0010392780000074708,1.005581093999922
gnn,16,0,4.364845716496291,0.06893196294763815,0.1244902189999948,1.1306467450000355
softdist,16,0,5.2698526340522855,1.4911750199404938,0.004526198000007753,1.009283676999985
dist,16,0,4.330339483917056,1.1185596240675943,0.004417411999952492,1.0108144019999372
difusco,16,0,2.775867996824366,0.5748692885943374,0.0007535270000289529,1.0041555510000535
dimes,16,0,6.656087415789136,1.239856053975097,0.0006748880000486679,1.0043009020000682
attgcn,16,0,5.540694471302143,1.298456847624685,0.001139845000011519,1.005210418000047
gnn,17,0,4.682926540765053,0.7805425675946553,0.15605733099994268,1.1631096049999314
softdist,17,0,3.493321164652552,0.43782898812469995,0.006466488999990361,1.0125630989999763
dist,17,0,3.194377458260278,0.7604080279682401,0.004190786000094704,1.0103135870000415
difusco,17,0,1.7496513140198289,0.4940776939817093,0.0008430849999285783,1.0043439999999464
dimes,17,0,3.1864624024772414,0.5453227705641384,0.000687015000039537,1.0052507000000332
attgcn,17,0,4.596603163597268,0.47070180655688354,0.001039446000049793,1.0050355680000393
gnn,18,0,2.793903910164741,0.2839536142775989,0.07687066799996956,1.0820789530000638
softdist,18,0,3.490105439491087,0.5781942995242151,0.004772063000018534,1.0099604069999941
dist,18,0,5.704340967167276,0.3298970699083803,0.004256361999978253,1.0121581060000153
difusco,18,0,2.4666508650754926,0.913724761593171,0.000904556000023149,1.0089990279999483
dimes,18,0,4.49104838375276,0.6699771303055657,0.0008252970000057758,1.0070285929999727
attgcn,18,0,3.1179522753035815,0.4342537019529358,0.0011805090000507334,1.006823025000017
gnn,19,0,3.3644656624652214,0.23697192641585207,0.13313408600004095,1.1680079709999518
softdist,19,0,4.194214159027809,0.9842084014773267,0.005776435999905516,1.0111644569999498
dist,19,0,4.209961156321418,0.4304422214349568,0.005427089000022534,1.0109525010000198
difusco,19,0,1.298740793063291,0.3615008794926933,0.0007628209999666069,1.0049437169999464
dimes,19,0,5.367232501473929,1.1006385314609624,0.0007459949999883975,1.0046141170000737
attgcn,19,0,3.7210739516677194,0.2838697306360771,0.0015146670000376616,1.0071497129999898
gnn,20,0,4.575010938668012,0.8320236698434513,0.1128895739999507,1.1179961240000011
softdist,20,0,4.9232492326319655,0.35943090001535616,0.00480189600000358,1.0106652420000728
dist,20,0,4.47416928575779,0.815169424903428,0.004133144999968863,1.0100716139999122
difusco,20,0,1.2154871275586565,0.5373244647668196,0.0006964879999031837,1.004143165999949
dimes,20,0,5.882011385772934,0.5651991283599278,0.0007210810000515266,1.0045730130000265
attgcn,20,0,4.7030390984819315,0.5731033052742474,0.001068215000032069,1.0060904170001095
gnn,21,0,4.797728249596034,0.8292676436488788,0.11825495799996588,1.1245670509999854
softdist,21,0,4.009607291537964,0.561581426455704,0.006231968999941273,1.0112808430000086
dist,21,0,5.107636884363198,0.46905487227106857,0.00403776400003153,1.0104961450000474
difusco,21,0,2.1901728634537765,0.7593913704698529,0.0008052320000615509,1.0044043440000223
dimes,21,0,6.034400495437864,0.8305056662342825,0.0006640750000315165,1.0046581530000367
attgcn,21,0,6.371207615233332,0.7241565738892675,0.0010456100000055812,1.017739712999969
gnn,22,0,4.6948366980337,0.7794018415054671,0.08100520999994387,1.0857687540000143
softdist,22,0,4.996131610749166,1.074546537479515,0.004744580999954451,1.0093985359999351
dist,22,0,4.5979225393750545,0.4744032134333942,0.004375043000095502,1.0095678990001034
difusco,22,0,3.404555121245756,0.7192727417537625,0.0007645829999773923,1.0049949680000054
dimes,22,0,5.843274536881826,0.30192879282513463,0.0007098710000263964,1.0044233380000378
attgcn,22,0,5.955407633154519,0.707885295727051,0.000993914999980916,1.0047788570000193
gnn,23,0,3.439037607095674,0.18163754387259257,0.11088506800001596,1.1155398519999835
softdist,23,0,4.417702710028615,1.0313620743245488,0.005126998999912757,1.0108594129999346
dist,23,0,3.9227724929545627,0.593123830601483,0.004260719000058089,1.0104800679999926
difusco,23,0,0.7443795062233471,0.06436937915155205,0.0008267110000588218,1.0042508880000014
dimes,23,0,4.301697885485645,1.24572699120169,0.000715463999995336,1.0042897370000219
attgcn,23,0,4.77372636980351,1.0353852088963,0.0014417439999760973,1.0087330549999933
gnn,24,0,3.263500442539491,0.27233636843779774,0.1305591990000039,1.1635327449999977
softdist,24,0,3.211282739466337,0.7398472386015431,0.0044639899999765476,1.0091486989999794
dist,24,0,4.242242345038694,1.2501426064413623,0.004252104999977746,1.0096424820000038
difusco,24,0,1.9503445311792822,0.6348755587614496,0.0008058229999505784,1.0049791220000088
dimes,24,0,3.712459207066332,1.0777372301574273,0.0006661529999973936,1.0059384400000226
attgcn,24,0,7.627623883452328,0.9639894658481252,0.0010950909999110081,1.0070219899999984
gnn,25,0,4.7185998535606455,0.4619156655976564,0.12370104400008586,1.130690247000075
softdist,25,0,4.011019721104159,0.7792910424797572,0.006688770999971894,1.0185732520000101
dist,25,0,3.375697288296564,0.22691895703197407,0.004428694000012001,1.011472614000013
difusco,25,0,2.10465713534147,0.3882157768649641,0.0009943200000179786,1.0112088949999816
dimes,25,0,3.106837694490472,0.6138732519068935,0.002657277000025715,1.0074622590000217
attgcn,25,0,5.249402743302656,0.8782260616350346,0.0013734579999891139,1.0070683399999325
gnn,26,0,2.420071918455746,0.040496059135697315,0.10706965300005322,1.113812494000058
softdist,26,0,3.762460424692904,0.9784197205474188,0.005058054999949491,1.0099913330000163
dist,26,0,4.930527764543635,0.6195210235070414,0.0045957149999367175,1.0130567469999505
difusco,26,0,2.168991095026618,0.7088717764176078,0.0009448900000279536,1.0054744320000282
dimes,26,0,4.086099216273809,0.9372627380466403,0.0006889199999022821,1.0041947549999577
attgcn,26,0,5.716876919395797,0.4708805704282337,0.001519286999950964,1.0056432200000245
gnn,27,0,4.638817925167049,0.642442566560586,0.11896949499998755,1.12572783600001
softdist,27,0,3.5599970964863337,0.4332864296502592,0.004789052000091942,1.0092971640000314
dist,27,0,5.928707568470326,0.7450234895918673,0.004032793999954265,1.0094143209998947
difusco,27,0,3.1671946853963684,0.5530292466603859,0.000766289000011966,1.005529270000011
dimes,27,0,6.319126223503502,0.429150621229879,0.0006233010000187278,1.0043507830000635
attgcn,27,0,6.668259161870482,0.5059698947700308,0.0009654960000489154,1.0055833720000464
gnn,28,0,4.794202145780724,0.7687909447443353,0.08012625100002424,1.0997676000000638
softdist,28,0,5.220425908819348,0.5821565458437483,0.005420408999952997,1.0101563089999672
dist,28,0,4.819363393151144,0.8842233052464898,0.004576440000050752,1.0101943090000987
difusco,28,0,1.0965556058484038,0.06357298567554182,0.000850128000024597,1.0110454809999965
dimes,28,0,5.469851996872932,0.600456005427441,0.0006501510000589406,1.0042034460000195
attgcn,28,0,7.181738308468977,0.8371392568731872,0.0015089600000237624,1.0073789059999854
gnn,29,0,4.445115422466439,0.6156460544705089,0.12953663700000106,1.1352193970000144
softdist,29,0,3.9878738602803665,0.8596691639679355,0.006464666000056241,1.0126227250000284
dist,29,0,4.926781970629257,1.5319767261395167,0.004478449999965051,1.009464904999959
difusco,29,0,4.437157940784631,0.5458527848896111,0.0007495030000654879,1.0090291989999969
dimes,29,0,5.319517516878136,1.382955674373143,0.0006760939999139737,1.0041033520000155
attgcn,29,0,5.528299256317548,0.5222430104922848,0.0010533880000593854,1.0061722279999685
gnn,30,0,4.992428233175428,0.004426398982482205,0.11429182500000934,1.1210837050000464
softdist,30,0,5.983229936217693,0.41028659496962216,0.006422438999948099,1.013078901999961
dist,30,0,5.380449772997453,0.417954055309977,0.005233194999959778,1.0121221339999238
difusco,30,0,3.70299256634834,0.21255806847282344,0.0009484540000812558,1.0056924050001044
dimes,30,0,4.638063163745043,0.2512375581015691,0.0007119859999420441,1.0049700719999919
attgcn,30,0,3.191281171107141,0.5844693779008647,0.0013032260000045426,1.006675427999994
gnn,31,0,4.467264930058779,0.13999982342078887,0.08695138899997801,1.0924101819999805
softdist,31,0,3.7742725405757405,-2.220446049250313e-14,0.004853053999909207,1.0100957019999441
dist,31,0,4.7194684227008565,0.4185391784541137,0.00421968500006642,1.0098704460000363
difusco,31,0,1.4442972690817513,0.2566388849297052,0.0008261660000243864,1.0053624980000677
dimes,31,0,4.024553189101754,0.06301952882383777,0.0006863169999178353,1.0063908719999972
attgcn,31,0,6.216928368301922,0.6167668035989893,0.0010576019999462005,1.0328439779999599
gnn,32,0,2.3586083587756157,0.28573937150431217,0.09301495600004728,1.0983705390000296
softdist,32,0,4.628045313693896,0.571029719663807,0.005190908999907151,1.0105973089999907
dist,32,0,4.1223272434494085,0.33775474386645854,0.00454806400000507,1.0109804470000654
difusco,32,0,2.490645477173037,0.8548729432574342,0.0008260920000111582,1.0133430460000454
dimes,32,0,5.811245379442509,1.6697823030431325,0.0016146560000152022,1.0063920379999445
attgcn,32,0,4.432630709203811,1.153808217187513,0.0011376840000139055,1.005341207000015
gnn,33,0,3.1943691291465015,0.3180044431001505,0.11042790600004082,1.11569276299997
softdist,33,0,4.373981427836293,0.6401067641095048,0.0060318480000205454,1.0122391050000488
dist,33,0,3.8601904966693246,0.35350443319841496,0.004543773000023066,1.0098833339999373
difusco,33,0,1.6382657692456837,0.4831356248530039,0.0010581620000493785,1.0092386370000668
dimes,33,0,4.883097495257593,0.33225526169757824,0.0007245660000307907,1.0065053020000505
attgcn,33,0,5.095200132568212,0.5279339513912795,0.0010639899999205227,1.0077466559999948
gnn,34,0,5.120158376162087,0.42527891200896395,0.10848505599994951,1.114501693999955
softdist,34,0,5.201899408712585,0.8726775015160504,0.00493246899998212,1.0099017939999158
dist,34,0,3.6321496954315746,0.3674080927930756,0.004643085999987306,1.0102345560000003
difusco,34,0,2.799093943037745,0.506721730291515,0.0009723850000682432,1.005154689000051
dimes,34,0,7.194303918156453,0.09403815028210527,0.0006587909999780095,1.0048661229999425
attgcn,34,0,6.155740965456458,0.5756923725883212,0.001092445000040243,1.0052305930000784
gnn,35,0,4.883897754236655,0.5582480635001552,0.08872758000006797,1.09503475300005
softdist,35,0,4.959735538255594,0.6197191043184169,0.004856690999986313,1.0103885710000213
dist,35,0,4.2932159485753685,0.5315396862638488,0.004378196000061507,1.0099328180000384
difusco,35,0,0.395100805411297,0.12657591674780644,0.0010811139999304942,1.0080756549999705
dimes,35,0,5.380776655464969,1.1948701602660705,0.0008439760000555907,1.0058540270000549
attgcn,35,0,3.49314853994267,0.9000473937474052,0.0009752379999099503,1.005098246999978
gnn,36,0,3.9800955684383688,0.1289564962716927,0.08266461100004108,1.0872268890000214
softdist,36,0,5.85119351768566,0.12131265004637903,0.00617267500001617,1.0132648999999674
dist,36,0,5.353243030791677,0.6531107107481393,0.003936103999990337,1.0091126529999883
difusco,36,0,4.604733509990733,0.34849688409990254,0.0008303639999667212,1.0080834989998948
dimes,36,0,5.628465908344449,0.577088978582796,0.0007047690000945295,1.004316786000004
attgcn,36,0,5.0059042998050085,0.8380120433044258,0.0011984569999867745,1.0057188890000361
gnn,37,0,3.822111708342857,0.10911321093904913,0.13021483299996817,1.1367339050000282
softdist,37,0,4.484596145764708,0.4137465770529536,0.004549363000023732,1.0093649340000184
dist,37,0,4.828593272930792,1.2003140942772328,0.00399766299995008,1.0110862169999564
difusco,37,0,2.770128076047329,0.5283260818382596,0.0007660830000304486,1.0042170750000423
dimes,37,0,5.4114125136500935,1.1599716431661022,0.0018748739998954989,1.0073552609999297
attgcn,37,0,7.0230431204238775,0.6075149994881235,0.0009944550000682284,1.0047903170000154
gnn,38,0,3.295186913768977,0.4351242457705906,0.10188584499996978,1.107573560999981
softdist,38,0,4.522784042211647,0.20004814182270625,0.006173418000003039,1.012338366999984
dist,38,0,5.636653810197534,0.33509566148728354,0.00439893799989477,1.0092779159999736
difusco,38,0,1.7235134335673585,0.3018605977008537,0.0007392449999770179,1.0064181420000295
dimes,38,0,7.616561057723992,0.4080360452428433,0.0006635219999679975,1.0045476789999839
attgcn,38,0,5.365856754785248,0.8036496392648473,0.00104998799997702,1.0070390399999951
gnn,39,0,5.781393952437508,0.27102304708699343,0.08673635399998147,1.095568053000079
softdist,39,0,4.8166930279210485,0.26231470106927723,0.004523048999999446,1.0102063010000393
dist,39,0,4.607091802440766,0.44829440288285394,0.004087275000074442,1.009033127000066
difusco,39,0,2.865778207720826,0.7044285084398805,0.000767647999964538,1.0064498319999302
dimes,39,0,4.725569332619894,0.5774578985786816,0.0010231869999870469,1.0071304159999954
attgcn,39,0,5.522275064798254,1.0970687210052121,0.001040359999933571,1.0051159309999775
gnn,40,0,4.519667190193966,0.6757898110749005,0.07793135400004303,1.0826584620000403
softdist,40,0,4.636393285592533,0.7002076560309378,0.0047119859999611435,1.0099636200000077
dist,40,0,4.610322682345425,0.3607230765732883,0.004647083999998358,1.0097509780000564
difusco,40,0,2.574655914104218,0.43396824577306425,0.0007866439999588692,1.0044455180000114
dimes,40,0,6.056038368627981,0.7130083266036591,0.0006732250000140994,1.006918765000023
attgcn,40,0,6.49257738012885,1.140635182306493,0.0011268619999782459,1.0049208919999728
gnn,41,0,5.233148965972134,0.11867737922035548,0.12869544000000133,1.1343015630000082
softdist,41,0,4.085498214831995,0.8101719134157026,0.004967473000078826,1.0099713140000404
dist,41,0,3.1154451936449057,0.7149460523512063,0.004132647999995243,1.0086066430000074
difusco,41,0,1.3396512112602954,0.19664016335354528,0.0007716190000337519,1.0051937130000397
dimes,41,0,4.0391934170623145,0.5967840609169883,0.0006778020000410834,1.0061580120000144
attgcn,41,0,4.809663891540006,1.2209757003863952,0.0010850260000552225,1.0052486580000277
gnn,42,0,4.472527871930954,0.6561354535786101,0.08494680000001154,1.0903307180000184
softdist,42,0,6.210194508882161,0.273025548057948,0.0058785290000287205,1.0137223080000695
dist,42,0,5.2918278974268596,0.6526324842291542,0.003994626000007884,1.008629699999915
difusco,42,0,2.009831456020539,0.5803560057728641,0.0007970389999627514,1.0067567180000196
dimes,42,0,5.241276327130007,1.184846428731845,0.0008118460000332561,1.004718609000065
attgcn,42,0,5.22064284334649,0.5224923094061751,0.0010097739999537225,1.0051972819999264
gnn,43,0,3.347014791166414,0.6020047346758428,0.09809983399998146,1.1035500990000173
softdist,43,0,4.300032300778733,0.018215391912956846,0.004462515999989591,1.0110649289999856
dist,43,0,4.12265252006867,0.14301905363769407,0.003992269000036686,1.0138376720000224
difusco,43,0,1.7359829644394198,0.7190542594956328,0.0007576780000135841,1.0071017389999497
dimes,43,0,7.171305877323775,1.1873174992093283,0.0007173389999479696,1.0043987069999503
attgcn,43,0,3.6908438641806374,0.5621979940836352,0.0009576830000241898,1.0050724190000437
gnn,44,0,3.812811270737959,0.03891417273020892,0.13509689099998923,1.1403226649999851
softdist,44,0,3.5427614643160688,0.4966100746897961,0.00478246099999069,1.009859327000072
dist,44,0,5.2717093771221135,0.5469655275373242,0.004000579000035032,1.0088750290000235
difusco,44,0,1.510576330225022,0.22931092303051237,0.0007808159999740383,1.0063829849999593
dimes,44,0,5.996150860303029,0.9690965144089958,0.0006568880000941135,1.0046162749999894
attgcn,44,0,6.606315029708343,0.7722551788140297,0.0011543050000000221,1.0067904019999787
gnn,45,0,4.572765216803298,0.1760240648390976,0.11546866300000147,1.1226065810000136
softdist,45,0,5.008760925692135,1.2441668482895851,0.004678163999983553,1.0094056829999545
dist,45,0,4.597927981322836,0.6077256120279317,0.004209228999911829,1.0092932169999358
difusco,45,0,1.458709692308191,0.5068419443778893,0.0008322820000330466,1.02116877200001
dimes,45,0,5.10533759200642,1.173358139940861,0.0006944010000324852,1.0044911999999613
attgcn,45,0,3.8609446111248724,0.47194478076360014,0.0010925010000164548,1.005232951000039
gnn,46,0,4.228397892662361,0.3219636056933428,0.10268338299999868,1.1088544409999486
softdist,46,0,4.812835566524609,0.4147618858765245,0.005008249000070464,1.0100928010000416
dist,46,0,4.851714800101936,0.5498793385075418,0.004159738999987894,1.0088337020000608
difusco,46,0,0.8478623684896824,0.41492131855556114,0.0008166679999703774,1.0047605290000092
dimes,46,0,5.100699926596941,1.2364176488760314,0.000778805999971155,1.0052021609999429
attgcn,46,0,4.905415922679057,1.0134892501697301,0.0010979209999959494,1.0051093320000746
gnn,47,0,4.068355714017269,0.3741260772379462,0.12476422300005652,1.1302041330000065
softdist,47,0,3.655548718513435,0.35360347675128523,0.004870901000003869,1.0150721659999817
dist,47,0,3.72132962171563,1.0749572702777765,0.004391380000015488,1.00913144499998
difusco,47,0,0.883831448522221,0.24968504232809607,0.0010061990000167498,1.0055951350000214
dimes,47,0,5.955802390388443,0.4994507006756299,0.0009772639999710009,1.0077245190000212
attgcn,47,0,5.564551836380227,0.722906022222225,0.001109455000005255,1.0052670320000061
gnn,48,0,3.95216025431393,0.7947496309480995,0.12732197200000428,1.134609171999955
softdist,48,0,2.297389634484648,0.26973665220311194,0.004665613999918605,1.009116578999965
dist,48,0,2.797500611438819,0.4407928766642977,0.004792644000076507,1.0100801730000057
difusco,48,0,2.210637109263369,0.7203882252840188,0.0008378859999993438,1.0058401740000136
dimes,48,0,3.8524412686950837,1.1066607547455698,0.0007192909999957919,1.0060236240000222
attgcn,48,0,5.724748185750328,0.7400682535381176,0.0010581810000758196,1.0054552990000047
gnn,49,0,4.815318760625398,0.22529289476536096,0.0989048730000377,1.10450202800007
softdist,49,0,6.03850115424398,0.566104375871368,0.015008120999937091,1.0222031549999429
dist,49,0,4.323343861267981,0.7131732822325709,0.003935714000022017,1.0085461410000107
difusco,49,0,2.9166903964886526,0.6920703218231683,0.0008136210000202482,1.0041654039999912
dimes,49,0,6.541794156168734,0.6055299635506106,0.0006702700000005279,1.0047218869999597
attgcn,49,0,5.209354576949643,1.5936309063779186,0.001106277999951999,1.0048019209999666
gnn,50,0,3.805607871585548,0.1801166541267385,0.08569343900001059,1.0975016190000133
softdist,50,0,4.944494391524956,0.04458009051127032,0.00480888800007051,1.0101859180000474
dist,50,0,3.0736260929995485,0.5596834672385143,0.0045708760000024995,1.0095948199999611
difusco,50,0,0.6079871114753166,0.4119939162515962,0.0007868010000038339,1.0050585359999786
dimes,50,0,6.637583179538731,0.6527602169771995,0.0007630369999560571,1.0050530879999542
attgcn,50,0,5.329452152519343,0.372793099435742,0.0010474729999714327,1.0060209670000404
gnn,51,0,3.1937881654034106,0.3393580675009389,0.12641482899994116,1.1315892229999918
softdist,51,0,4.014917012089159,0.6664034315933209,0.004492282999990493,1.009030571999915
dist,51,0,4.449164645484038,0.6484964724570386,0.004173789999981636,1.008932477999906
difusco,51,0,1.3984765761493545,0.4863489197186821,0.0010247850000268954,1.0045142200000328
dimes,51,0,5.656760336905431,0.6248708912050649,0.0007310679999363856,1.0078138549999949
attgcn,51,0,5.8907242062771425,0.8292924942784552,0.0010220570000001317,1.0082248410000147
gnn,52,0,4.683603981673201,0.44518447740573563,0.08610360900001979,1.0910160910000286
softdist,52,0,4.42540388081567,0.4535702348717807,0.00471522800000912,1.010095207000063
dist,52,0,5.154451237856117,0.4835035763589346,0.005096000999969874,1.0109826899999916
difusco,52,0,1.8776386276890156,0.2721584052493675,0.0010104649999220783,1.011267072999999
dimes,52,0,5.425300290191526,0.686445525511381,0.0006867849999707687,1.0043728189999683
attgcn,52,0,7.326159037533486,0.5108307725605332,0.0010247679999793036,1.004812947000005
gnn,53,0,2.5597957892198986,0.17996928851014005,0.09974205299999994,1.1057455339999933
softdist,53,0,5.259754074870782,1.1665772229750848,0.005122673000073519,1.0108176400000275
dist,53,0,6.659578667750776,0.7419151483852193,0.004263174000016079,1.0098378950000324
difusco,53,0,2.2119596216567006,0.2801612300008749,0.0007608759999584436,1.0071459370000184
dimes,53,0,5.486528975015803,0.8774806646172584,0.0006849589999546879,1.0049466440000288
attgcn,53,0,4.440572445024671,0.5075650706035884,0.0010690290000638925,1.0079337650000753
gnn,54,0,4.160189576033146,0.3321159199642265,0.14225740199992742,1.1503524839999955
softdist,54,0,3.563174616544851,0.9773187672765582,0.006711605999953463,1.013270499999976
dist,54,0,3.483390411627729,0.1984480135730049,0.0041081559999156525,1.009683989999985
difusco,54,0,1.9231133950909252,0.3777524984074798,0.0009473789999674409,1.0045968649999395
dimes,54,0,5.345529002544502,0.6705394157121347,0.0007801740000559221,1.0047713730000396
attgcn,54,0,3.964858551222039,0.4055062462404502,0.001154096000050231,1.005106502999979
gnn,55,0,4.705044768269895,0.5675529602867435,0.11810082900001362,1.1248242909999817
softdist,55,0,4.438952685834829,0.6138493666551836,0.0046463400000220645,1.0094449640000676
dist,55,0,4.389450834092834,0.42423972371996577,0.004493758999956299,1.009121432000029
difusco,55,0,1.847541427945587,0.8977051559038607,0.0007999709999921834,1.005208969000023
dimes,55,0,5.638382833529354,1.211010054318229,0.0007288000000471584,1.0057349430001068
attgcn,55,0,6.442390327275294,0.9709782285630686,0.001175007000028927,1.005658603000029
gnn,56,0,3.464693654483808,0.8989330211022439,0.07690365700000257,1.0825294410000197
softdist,56,0,5.917755144184933,0.7222597511122419,0.004329695000024003,1.0094285069999387
dist,56,0,4.910510771565413,0.30581295969491773,0.00401172499994118,1.0094476719999648
difusco,56,0,3.3921428153627087,0.9075355749032843,0.0007552429999577726,1.0061680549999892
dimes,56,0,7.749269650391533,0.803845500661704,0.0007647290000249996,1.0045492159999867
attgcn,56,0,5.431495841046652,0.372473870865786,0.0011059559999466728,1.005145803000005
gnn,57,0,3.1727069036962208,0.12643348497052287,0.10358015700001033,1.1085675680000122
softdist,57,0,4.560462088776807,0.18513434742619683,0.005656973000100152,1.0113217870000426
dist,57,0,5.6334953751669525,0.44535583003071366,0.004023100000040358,1.008818304999977
difusco,57,0,2.4517048761977467,0.30928287384535125,0.0007870450000382334,1.005039348000082
dimes,57,0,5.578840841884358,1.079768975278328,0.0006266139999979714,1.0042812819999654
attgcn,57,0,5.396957697507254,0.4881750140983021,0.0013429599999881248,1.0068125599999576
gnn,58,0,4.922837570738103,0.46496920174907697,0.08112097799994444,1.0861215740000034
softdist,58,0,4.449898994809476,1.2031016116459847,0.004628472000035799,1.0093778540000358
dist,58,0,6.466907196292659,0.8331664203325095,0.005349259000013262,1.012252535000016
difusco,58,0,1.1190711031924927,0.10847151628647911,0.0007785909999711293,1.0042282309999564
dimes,58,0,5.601948938216328,1.4349673314204558,0.0007111479999366566,1.0044093440000097
attgcn,58,0,6.010425500123562,0.2474121407124663,0.001043945999981588,1.005674943000031
gnn,59,0,3.225709516780495,0.6082516714947417,0.1088197990000026,1.1139916910000238
softdist,59,0,4.221428082865053,0.4180105538783119,0.004734995000035269,1.009325720999982
dist,59,0,4.325691895528294,0.9654020853309797,0.004078283000012561,1.0085680910000292
difusco,59,0,2.443285252055616,0.4371453663373437,0.0008194619999812858,1.0092257249999648
dimes,59,0,4.319041521938205,0.9951612548245281,0.0006878519999418131,1.0050496039999643
attgcn,59,0,4.367151240949885,0.4969656486488061,0.0010484419999556849,1.0099156859999994
gnn,60,0,4.673533093929039,0.624788088370698,0.11158529099998304,1.1225335340000129
softdist,60,0,4.161309215662445,0.6182590670277266,0.005895802000054573,1.0120215040000176
dist,60,0,3.3850201067071595,0.47378898172592,0.005019597000000431,1.0103058920000194
difusco,60,0,1.7842673072913984,0.452666652201672,0.0011418399999456597,1.0060031980000304
dimes,60,0,4.697399023841897,0.7253207824762908,0.0009312669999417267,1.007339719000015
attgcn,60,0,5.005713289008873,0.6874050383607111,0.0012596599999596947,1.0067740639999556
gnn,61,0,3.3977316132322244,0.35096595274080045,0.10834518299998308,1.1131896580000102
softdist,61,0,4.486288219075574,1.0760932304842985,0.004690809999942758,1.0092807089999951
dist,61,0,3.0413351677405442,0.06297634869392166,0.004428691000043727,1.0096126199999844
difusco,61,0,0.7620350711886825,0.3581357608137603,0.0007751370000050883,1.0041196990000572
dimes,61,0,5.111222600389231,0.4704147820130844,0.0007815359999767679,1.0054977239999516
attgcn,61,0,6.011992349259976,1.4979704423715212,0.0015412480000804862,1.0072027740000067
gnn,62,0,3.548846143184492,0.5580987226660339,0.09040172499999244,1.0960720330000413
softdist,62,0,3.8344904101042854,0.5221506844360846,0.00478589900001225,1.009393482000064
dist,62,0,7.35082952335413,1.2432095049389247,0.003930378999939421,1.0087996019999537
difusco,62,0,3.6048763294321606,0.4355203984704348,0.0007856350000565726,1.008457528000008
dimes,62,0,5.5695171864889925,1.1913815137172712,0.0007812389999344305,1.0105419340000026
attgcn,62,0,4.401874595654487,0.9259885699751669,0.0010213210000529216,1.006000120000067
gnn,63,0,6.03288194686189,0.6080715194700881,0.11768451800003277,1.1251773679999815
softdist,63,0,4.579329416770306,0.9522188282794053,0.004717474000017319,1.0111206390000689
dist,63,0,4.882683273371824,0.8433648354336798,0.005606800999998995,1.0121362010000894
difusco,63,0,0.9446657193542096,0.24680539615100638,0.0009599710000429695,1.0054586859999972
dimes,63,0,3.922761808056263,0.435855925207318,0.0007255790000044726,1.0057315010000138
attgcn,63,0,4.291639706323114,0.49034427360155064,0.0014393220000101792,1.007744267000021
gnn,64,0,3.9895334427548335,0.46979223027734385,0.11215281900001628,1.118444400000044
softdist,64,0,3.6692733715986803,0.31959479747249997,0.005418619000010949,1.0102624449999666
dist,64,0,4.419099919660474,0.528333563553951,0.004303348000007645,1.0105498290000696
difusco,64,0,1.3389616333965515,0.08176271997084594,0.0007484860000204208,1.0042552950000072
dimes,64,0,5.696900469067989,1.3715525425652464,0.0006806729999198069,1.004205218999914
attgcn,64,0,5.291709127970434,0.3044658796678146,0.0011470580000150221,1.0060231910000539
gnn,65,0,4.208910136719202,0.9440697787855168,0.10890465099998892,1.1138398550000375
softdist,65,0,4.612626452894841,0.9108967485382147,0.004611068000031082,1.0093413399999918
dist,65,0,5.037820799528769,0.5375531439807624,0.004135852999979761,1.0086624329999268
difusco,65,0,1.8554440232612546,0.4274466816624356,0.0009572459999844796,1.0049377960000356
dimes,65,0,3.5035038847782918,0.6130320123702404,0.0006863099999918632,1.0045893989999968
attgcn,65,0,6.603827924862449,0.7459977978407695,0.0010043739999900936,1.0045885480000152
gnn,66,0,3.7109196850052317,0.15613169042751895,0.0833100340000783,1.0885970980000366
softdist,66,0,3.557731761000271,0.33395288340014595,0.004953488000069228,1.010046447000036
dist,66,0,3.33373232241414,0.6812504698801014,0.003981247000069743,1.008592717000056
difusco,66,0,1.576246285680294,0.3622524404354843,0.0007578380000268226,1.0054828039999393
dimes,66,0,5.116405461597129,0.6362188767172539,0.0007175879999294921,1.0047304769999528
attgcn,66,0,4.481542812944395,0.1499344847548434,0.001133916000071622,1.0053104120000853
gnn,67,0,4.491013867412463,0.25496036399834665,0.10760941199998797,1.1121463329999415
softdist,67,0,4.5060697153335605,0.6989412094892122,0.0042942530000118495,1.0088540489999787
dist,67,0,3.3740579378836344,0.11914739112743877,0.003929471999981615,1.0087329819999695
difusco,67,0,3.1212401614286955,1.123379699177307,0.0007626430000300388,1.0046521400000756
dimes,67,0,5.482696851808888,1.190377145779542,0.0006579509999937727,1.0042260559999932
attgcn,67,0,6.977233287934359,1.3050922924434882,0.001382681999984925,1.006511971000009
gnn,68,0,3.321576969074558,0.5948967160722685,0.14013714400005028,1.147410046999994
softdist,68,0,4.280425024356349,0.4738485994765229,0.00488419700002396,1.0104949640000314
dist,68,0,3.973121678520375,0.7728080949990002,0.004422510000040347,1.0095265610000297
difusco,68,0,1.3800331136621047,0.37660953957767695,0.0008420710000791587,1.0051455800000895
dimes,68,0,4.783235862998514,1.1408605452807308,0.0007149929999741289,1.0064300400000548
attgcn,68,0,6.239312710325917,0.46144620827912597,0.001227939000045808,1.0058506269999725
gnn,69,0,3.919989099990029,0.6405589544418389,0.11999004199992669,1.125374562999923
softdist,69,0,4.611564206484653,0.7856759565915139,0.004788132000044243,1.009735570000089
dist,69,0,5.001414340143073,0.9358367499404885,0.004344981000031112,1.0311132470000075
difusco,69,0,2.135495352011718,0.6643407923737854,0.0007775149999815767,1.004080488999989
dimes,69,0,3.8339551972807584,0.06585210160550137,0.0007559240000318823,1.0064559429999917
attgcn,69,0,4.370633126559009,0.2690707720794716,0.0010046029999557504,1.0051188420000017
gnn,70,0,4.7027147297449945,0.8478157651907736,0.08167227000001276,1.0865066669999806
softdist,70,0,3.445274035684709,1.0023892358814956,0.004615652999973463,1.0097382620000417
dist,70,0,4.115191500923565,0.8820159222860058,0.004397512999958053,1.0093348489999698
difusco,70,0,2.9410980377841955,0.8735858738446067,0.0007131360000585119,1.0044414860000188
dimes,70,0,7.033729080712914,1.050158863700723,0.0006924190000745511,1.0052843110000822
attgcn,70,0,9.044753509279824,1.1109535128001724,0.0010435789999974077,1.0069070250000323
gnn,71,0,5.273457833273287,0.2792250943050911,0.1054688530000476,1.110118531000012
softdist,71,0,5.157557118822087,0.5576701785220628,0.004400397000040357,1.0091604699999834
dist,71,0,3.7315849282454128,0.6071299757427262,0.004237342000010358,1.0092755260000104
difusco,71,0,0.9664474639633269,0.35852070227320176,0.000960824000003413,1.0046116160000338
dimes,71,0,4.917460356359538,0.9798464148677022,0.000900909999927535,1.0102251129999331
attgcn,71,0,3.393456990736965,0.47549990096209527,0.0010027499999978318,1.004562404000012
gnn,72,0,3.276335261686425,0.30568861821389515,0.07968472699997164,1.0848799819999613
softdist,72,0,5.963307925625716,0.7396365241688629,0.004744125000001986,1.009843409000041
dist,72,0,3.7343246924653295,0.32827953892127226,0.004181517000006352,1.0115492040000618
difusco,72,0,0.9788159913685979,0.4635209315378752,0.0007871889999933046,1.0040824000000157
dimes,72,0,5.705468877027631,0.6839789995613854,0.0006847319999678803,1.0041819589999932
attgcn,72,0,3.98701316983634,0.35374767631057846,0.0010186680000288106,1.0075558260000435
gnn,73,0,4.117843877091931,0.684656923584348,0.11033909399998265,1.1168283150000207
softdist,73,0,5.488845557350719,0.42434463744125406,0.004761296999959086,1.0097727769999665
dist,73,0,4.278223423755878,0.868916691465027,0.004196133000050395,1.0127381450000712
difusco,73,0,2.5197793056906725,0.5447972642343313,0.0007898310000200581,1.0052655249999134
dimes,73,0,3.9490669962898073,0.8690244597896246,0.0006462510000346811,1.0063380279999592
attgcn,73,0,6.5733455050607015,1.0211215946699603,0.0013427829999272944,1.0065877509999837
gnn,74,0,3.847149534459482,0.3820567390849572,0.11725639700000556,1.1236957520000033
softdist,74,0,4.548295046366246,1.0044956380626413,0.004484521999984281,1.0092875999999933
dist,74,0,4.9069337913000055,0.7223486566874548,0.00427652999997008,1.0112903049999886
difusco,74,0,2.3842846618959523,0.10157141274089732,0.0007234570000491658,1.0041277459999947
dimes,74,0,6.283524103908933,0.6554663355691215,0.000741099000038048,1.0051183310000624
attgcn,74,0,5.401142180541063,0.6760259518599598,0.0010599299999967116,1.0049851170000466
gnn,75,0,4.252502396690816,0.2802827705404187,0.10448266699995656,1.1096336179999753
softdist,75,0,6.397140907287202,0.9009247855182423,0.004481134999991809,1.0108626259999482
dist,75,0,3.5826133063174392,0.7220127383731123,0.004372873999955118,1.0116543279999632
difusco,75,0,1.2036354579469277,0.7815249585590767,0.0008379750000813146,1.0045527839999977
dimes,75,0,5.483041931712207,0.5825984724379341,0.0007040010000309849,1.0047010250000312
attgcn,75,0,4.481250578388907,0.6346913177426527,0.0014261000000033164,1.0064320220000127
gnn,76,0,4.209167120748858,0.138727490846291,0.08621770199999901,1.0908622970000579
softdist,76,0,4.690933377142437,0.7778645237828341,0.004658670000026177,1.0091976310000064
dist,76,0,3.9229862339585697,0.8702141826865128,0.004245044000072085,1.0091230640000504
difusco,76,0,2.509462979705801,0.750936924100265,0.0009622950000220953,1.005492863000086
dimes,76,0,4.4051311692145045,0.4089603927633467,0.0007976120000421361,1.004562778000036
attgcn,76,0,6.386618428753943,0.38399102257491435,0.0009448130000464516,1.0048741420000624
gnn,77,0,3.8628522633335383,0.10493028540041749,0.16979088099992623,1.1833204539999542
softdist,77,0,3.325047458846986,0.22219178672591156,0.004550489999928686,1.009142466999947
dist,77,0,3.309697913258902,0.06049987711482796,0.004056378999962362,1.0087705400000004
difusco,77,0,2.8247140302403384,0.47848376940680115,0.0008169420000285754,1.0052584129999786
dimes,77,0,6.193187684678625,0.43648318128695074,0.000713325999981862,1.0069694430000027
attgcn,77,0,4.241577428358179,0.5775699816943813,0.0010247289999369968,1.0093098849999933
gnn,78,0,5.1308498716666096,0.35815269888128665,0.15715023199993539,1.1640644049999764
softdist,78,0,4.373030458450877,0.8780523363951742,0.004895347999990918,1.018522212999983
dist,78,0,4.496697288356266,0.5167942345218002,0.008450105000065378,1.04028787499999
difusco,78,0,0.9742819762541544,0.6797737417881589,0.0009483659999887095,1.0049938989999418
dimes,78,0,5.100252791264559,0.947265196672098,0.0006924069999740823,1.0047342589999744
attgcn,78,0,4.8932980880606936,0.6722597448194811,0.0011404589999983727,1.0369543069999736
gnn,79,0,4.177566947072453,0.9314467072202959,0.1861882499999865,1.1912788659999478
softdist,79,0,4.160264315111695,0.3620804072651529,0.006187577999980931,1.0196415880000131
dist,79,0,7.625396492396663,0.7489353991113834,0.0053878119999808405,1.0116917949999333
difusco,79,0,1.995761169108734,0.3261455753510445,0.0009878780000462939,1.0088100220000342
dimes,79,0,4.471567473810589,2.1849832289270843,0.000724166000054538,1.0050272690000384
attgcn,79,0,7.271442773796277,0.9936128150223489,0.001145851000046605,1.011036052999998
gnn,80,0,4.3930919772589005,0.141364370525765,0.08986374000005526,1.1015918090000696
softdist,80,0,5.404501930109196,0.9174684646620301,0.00474547499993605,1.0114222989999462
dist,80,0,3.6084129739519355,0.9426941113894305,0.004096206000099301,1.008819614999993
difusco,80,0,2.891683468554529,0.4635491495304178,0.0010998210000252584,1.0059506780000902
dimes,80,0,5.830127250572015,0.9496545556068936,0.000705467999978282,1.0044470430000274
attgcn,80,0,5.984930771257613,0.7055719052568188,0.0010909369999581031,1.0060863139999583
gnn,81,0,3.5547863445658967,0.4426891567789415,0.14281409000000167,1.150474331000055
softdist,81,0,6.7692778775906515,0.9021592484929952,0.0054514229999540476,1.0109272319999718
dist,81,0,7.448163658753804,1.013312882970574,0.003969172000097387,1.0086056009999993
difusco,81,0,2.902631426916491,0.39356766526115194,0.0007617099998924459,1.0044709430000012
dimes,81,0,3.812430769998465,0.5265820127682286,0.0007861479999746734,1.0051951779998944
attgcn,81,0,5.760517683802302,0.935902799713273,0.0014278260000537557,1.0066952959999753
gnn,82,0,3.0709794691232695,0.5654183064935703,0.08533393999994132,1.0906460989999687
softdist,82,0,6.009767347844908,1.106382260399097,0.005017901999963215,1.011546573999908
dist,82,0,4.173646893066008,1.1195396143616865,0.004045902000029855,1.0116072010000607
difusco,82,0,1.7978343192051938,0.3205240842371504,0.0007495219999782421,1.0042026600000327
dimes,82,0,6.094572906518336,1.6485492505695643,0.0006829710000602063,1.0145395519999738
attgcn,82,0,7.275643084799732,0.4567963400180064,0.0011081359999707274,1.0055698720000237
gnn,83,0,4.961720777545553,0.3174897234543339,0.1266007650000347,1.1317705689999684
softdist,83,0,3.564974902243856,0.6603826175368255,0.005633704000047146,1.011284321000062
dist,83,0,5.965911240430621,0.5589956197304513,0.005994520000058401,1.0129950379999855
difusco,83,0,2.5835035522060013,0.3266119076820839,0.0008263299999953233,1.0046713389999695
dimes,83,0,5.974646938783867,0.8328569749623815,0.0007184769999639684,1.0049405219999699
attgcn,83,0,4.11673821862697,1.1443927377518648,0.0010303430000249136,1.0048470069999667
gnn,84,0,3.3416947468236424,1.1691163993300613,0.08254125200005547,1.0921320080000214
softdist,84,0,6.30306367801432,1.3406499306490183,0.0044667800000297575,1.0093045689999371
dist,84,0,4.777466967289445,0.343301609514568,0.0042834750000793065,1.0096863429999985
difusco,84,0,1.4798179956146962,0.5703634171441596,0.0007584779999660896,1.004483587999971
dimes,84,0,5.114258770584046,1.176195858551643,0.0007448090000252705,1.0041453350000893
attgcn,84,0,5.319349795796224,0.3258078169315226,0.0010555220000014742,1.0164587680000068
gnn,85,0,2.749111463711351,0.22962771383812086,0.1555846640000027,1.16115287599996
softdist,85,0,4.780932377217972,0.738918282660106,0.00463987199998428,1.0095719810000219
dist,85,0,4.305724328902905,0.7958445193674946,0.004409544000054666,1.0099394720000419
difusco,85,0,1.5241418865502787,0.1552308015218884,0.000831615000038255,1.0085337799999934
dimes,85,0,6.13106248691786,1.1344024658977547,0.0007367890000296029,1.0087316059999694
attgcn,85,0,4.931277288669378,0.8810285430513876,0.001216061999912199,1.006103866999979
gnn,86,0,5.171930445264072,1.1458679793127091,0.16986696399999346,1.177431112000022
softdist,86,0,4.963981205596846,1.0102673670027373,0.00922370000000683,1.0142792949999375
dist,86,0,5.188736174449082,0.668405120775728,0.0058622889999924155,1.0524860749999334
difusco,86,0,1.0108458753010696,0.4443784295301789,0.0007680969999910303,1.0038569330000655
dimes,86,0,5.526800626984429,1.0223822625728074,0.0006996430000754117,1.0056744080000044
attgcn,86,0,4.068274308479336,0.33832541190341736,0.005403743999977451,1.018666187000008
gnn,87,0,5.065278073602175,1.1662775156363825,0.23347639400003573,1.2388970740000786
softdist,87,0,4.4927062080994284,0.23619026928067832,0.0046604369999840856,1.009428340999989
dist,87,0,6.088857039422413,0.8578024424173325,0.003953459000058501,1.0124945210000078
difusco,87,0,1.8402265447152066,0.6065471596135019,0.0008738200000379948,1.004771011999992
dimes,87,0,4.285357947963608,1.201409599413461,0.0006521629999269862,1.0060033269999167
attgcn,87,0,5.608496806324559,0.7257823735115521,0.001182780999897659,1.044998474999943
gnn,88,0,3.9045125898987454,0.7352373001308754,0.19235938799999985,1.2033022190000793
softdist,88,0,3.6319588889422993,0.5937474283904898,0.006054490999986228,1.0119636959999525
dist,88,0,3.4432282012482274,1.2613246121421007,0.0060364490000210935,1.0219883379999146
difusco,88,0,1.4749433262381428,0.5474897994017791,0.000863975000015671,1.0092557170000873
dimes,88,0,6.668557345975423,1.5191568026777125,0.0007608780000509796,1.0065994540000247
attgcn,88,0,4.9919683402929405,1.1807436897173007,0.0013307159999840223,1.0123982019999858
gnn,89,0,3.6042310562198754,0.0440428838868856,0.14893694199997753,1.1542033339999307
softdist,89,0,5.591992212256813,0.4022936992724935,0.004901260999986334,1.01140663700005
dist,89,0,3.74935732006485,1.025065736902575,0.004697414000020217,1.030795514000033
difusco,89,0,1.5018412991359087,0.20111072278163888,0.0007429450000699944,1.004378738000014
dimes,89,0,6.0110456790407385,1.1674029856059587,0.0007852849998926104,1.0045543859999952
attgcn,89,0,5.145734829253201,0.6905123391274692,0.0013728710000577848,1.006805321999991
gnn,90,0,3.619051898272918,0.3791031779338372,0.12498173599999518,1.1310405939999555
softdist,90,0,6.069655196382429,0.5487079767761527,0.004661924999936673,1.0091523529999904
dist,90,0,5.422943419326565,1.0608473963100051,0.00799957499998527,1.0172348539999803
difusco,90,0,2.3905934570528364,0.6658653285698701,0.0007796270000426375,1.004083243000082
dimes,90,0,5.851878686642653,0.7014660405549655,0.0007034960000282808,1.0106795619999502
attgcn,90,0,5.73134639191073,0.32268150198204726,0.0012787379999963377,1.0111384280000948
gnn,91,0,4.778469083257697,0.8975940837880891,0.1483578329999773,1.1602430340000183
softdist,91,0,6.005018688510622,1.0226638033107083,0.008689225000011902,1.0271438229999603
dist,91,0,4.457840200915997,0.9993319531557132,0.005152929000018958,1.0154538949999505
difusco,91,0,1.4545749887180381,0.3652577856818162,0.0008351280000624683,1.0085257700000057
dimes,91,0,5.520621160261596,0.9321930282648605,0.0007856949999904828,1.0106728009999415
attgcn,91,0,4.796110976681556,1.0054620740074016,0.001330327000005127,1.0065822909999724
gnn,92,0,4.326607536426663,0.4142884555653925,0.09192859999996017,1.105898295999964
softdist,92,0,4.336919302471087,0.4350670324293704,0.004382497000051444,1.0127957350000543
dist,92,0,4.186186590237928,0.8807638437161591,0.004852423999977873,1.0105768390000094
difusco,92,0,4.06136845192322,0.7534028174126739,0.0012585289999833549,1.033156434000034
dimes,92,0,6.5466355523429165,1.1091862553186171,0.0007107679999762695,1.0090457290000359
attgcn,92,0,4.398337366326643,0.8969464580363962,0.0010069410000141943,1.0049020459999838
gnn,93,0,3.5521249271148525,0.1936322204638019,0.10299169699999311,1.1078240639999422
softdist,93,0,5.340931586817632,0.7315171980084356,0.009344767000015963,1.0189754550000316
dist,93,0,5.379491788226343,1.2451810022091614,0.008644431000107033,1.0187243540000281
difusco,93,0,2.7982041222938348,0.8219950816759747,0.0007753769999681026,1.0057414310000468
dimes,93,0,5.9144012199234375,1.6866613254471252,0.0007598050000297008,1.0079553229999192
attgcn,93,0,3.101380292981415,0.2685802546817495,0.0010998709999512357,1.0047309499999528
gnn,94,0,3.959041898383764,0.6995462724733281,0.11442981599998348,1.1235192120000193
softdist,94,0,3.7695431502199117,0.2595574033277259,0.006348118000005343,1.011029070999939
dist,94,0,3.182399082409826,0.7023614015023494,0.008338691000062681,1.016533126000013
difusco,94,0,2.2019832503147985,0.5341189302803251,0.0008626940000340255,1.0045374860000038
dimes,94,0,4.99680433557812,0.837439511928606,0.0007726159999492666,1.0041938980000396
attgcn,94,0,4.176342311986403,0.8968616716240607,0.0011576360000162822,1.0166656290000446
gnn,95,0,3.0450796056825657,0.3887058098317242,0.12848929199992654,1.1457150059999321
softdist,95,0,4.961596844964311,1.2157943109742941,0.004593725000063387,1.0102846290000116
dist,95,0,3.854357909015116,1.1669826719538312,0.008327540000095723,1.017706712000063
difusco,95,0,2.4344935494668762,0.5094623059065828,0.0008712119999927381,1.0052473439999403
dimes,95,0,3.843984226907615,0.5678066077307253,0.0006839779999836537,1.0081586019999804
attgcn,95,0,7.870981533465349,0.4330237082631916,0.001004288999979508,1.005181781000033
gnn,96,0,4.133670949404822,0.600093706402105,0.07984802599992236,1.0847780849999253
softdist,96,0,4.245685496618412,0.872076071562633,0.008888217999924564,1.0224045259999457
dist,96,0,4.4193201427534134,1.3838113970278343,0.007979514999988169,1.016569986000036
difusco,96,0,1.3203025674873414,0.4491225341011207,0.0007574859999976979,1.02339143100005
dimes,96,0,3.9045196360661727,1.0419166909139577,0.0007367700000031618,1.0152876229999492
attgcn,96,0,3.4887437219253803,0.401195181331393,0.0012990889999855426,1.005871256999967
gnn,97,0,3.2658123066112266,0.5947289769837161,0.11006364899992604,1.1236079039999822
softdist,97,0,5.532095919683799,0.9392779501038229,0.008666014000027644,1.023596428000019
dist,97,0,3.071168217171838,0.7247052115237018,0.012600408000025709,1.0216499040000144
difusco,97,0,1.6659968439386663,0.8184794115904337,0.004356657000016639,1.014010403000043
dimes,97,0,4.266725446652031,0.8343333509153839,0.0008525650000592577,1.0097746160000725
attgcn,97,0,5.014976710161667,0.5865983115849405,0.0011845569999877625,1.0135037969999985
gnn,98,0,3.644511594314981,0.26037886678225153,0.12305996800000685,1.1305529280000428
softdist,98,0,4.961845477615379,1.424896378519236,0.004756515999929434,1.028988310999921
dist,98,0,3.932634095422949,0.7705163541175342,0.00450296500002878,1.0189320399999815
difusco,98,0,0.9392567178835076,0.04124435656167602,0.0009738249999600157,1.0088449219999802
dimes,98,0,7.087952609544912,1.6668261952524244,0.0008776710000120147,1.0109755229999564
attgcn,98,0,5.352362151433465,1.6073014870541025,0.0030716920000486425,1.0291708649999691
gnn,99,0,5.025292487283206,0.9373003404456792,0.16897172900007718,1.1739043560000937
softdist,99,0,5.705215439832023,0.470733993611816,0.004430491999983133,1.0113013170000613
dist,99,0,7.235767381311353,1.4054857228797069,0.004330299999992349,1.013743039000019
difusco,99,0,1.19351696184824,0.38078177008877834,0.0008107909999353069,1.0606250409999802
dimes,99,0,4.576197424265427,0.6390190876756519,0.0006826189999173948,1.0059752099999741
attgcn,99,0,4.559528835973903,0.858715502748364,0.0013643109999748049,1.0095126449999725
gnn,100,0,5.1913696768187245,1.2779490564989393,0.1283683489999703,1.148856195999997
softdist,100,0,3.619653902501363,0.5500166893938507,0.009336579999967398,1.0184265829999504
dist,100,0,4.105832930595921,1.3091989603169152,0.005571990000021287,1.011792499999956
difusco,100,0,3.1414722308992005,0.6981970548428862,0.000817287000018041,1.0120653779999884
dimes,100,0,5.898052626957839,0.9162636540779534,0.0007145110000692512,1.0074368390000927
attgcn,100,0,4.331215963235091,0.8669939501167345,0.0010544909999907759,1.0048718460000146
gnn,101,0,3.0041736037581313,0.5543580695950734,0.26369706599996334,1.2820777309999585
softdist,101,0,3.7567059067802333,0.5057149967618857,0.005152778000024227,1.0143970289999515
dist,101,0,3.7445915831394894,0.6369580005577857,0.009244870999964405,1.0208406790000026
difusco,101,0,3.497762456199638,0.7060521449762103,0.0008162000000311309,1.0046914800000195
dimes,101,0,5.354878151215514,0.4566360979290085,0.0007514789999731875,1.0087398900000153
attgcn,101,0,4.443245008910357,0.6079738607154717,0.0009860070000513588,1.0049088550000533
gnn,102,0,3.0444746154868696,0.37178705244578225,0.1589890770000011,1.1681364510000094
softdist,102,0,3.3738759438733057,0.4721251011340577,0.004704680000031658,1.0099906940000665
dist,102,0,4.960702307489906,0.8640121298854275,0.0043089490000056685,1.009268082999938
difusco,102,0,2.9847308338667,0.8133117542021617,0.0007900319999407657,1.004412552999952
dimes,102,0,5.092947576369555,0.412326532046392,0.0007256659999939075,1.0071660869999732
attgcn,102,0,5.5046422887848445,0.550608085075055,0.0009985240000105478,1.004771458999926
gnn,103,0,3.3388308815492707,0.17072748896154177,0.10657819699997617,1.111227844000041
softdist,103,0,4.541807221534455,0.3435769655177445,0.004510944000003292,1.012799221000023
dist,103,0,4.345994835695333,0.4339563684812031,0.004061438000007911,1.00874141099996
difusco,103,0,2.284884259635489,0.5927771593451814,0.0009257489999754398,1.0051361790000328
dimes,103,0,4.572706769408708,0.8332862206599234,0.0006624220000048808,1.0070354130000396
attgcn,103,0,7.8236245505962865,2.114516591945992,0.001097383000001173,1.013007751000032
gnn,104,0,3.240170292332478,0.1700989322707347,0.10589355800004796,1.1126344960000552
softdist,104,0,5.1358130338340136,0.6973498795856958,0.0042410180000160835,1.0087278759999663
dist,104,0,5.357317950203044,0.47545181754635735,0.008099494999896706,1.0165283949999093
difusco,104,0,2.4993551338243325,0.24586842064051595,0.0008500360000880391,1.0044900810000854
dimes,104,0,5.790047292052614,0.8806885952868049,0.0007029959999726998,1.0085435470000448
attgcn,104,0,4.795474879414674,0.6177230658579447,0.0011014749999276319,1.0085600209999939
gnn,105,0,5.397689470573952,0.37490104856563455,0.11543478700002652,1.120170078000001
softdist,105,0,8.0425446274748,0.9473600614997135,0.004505131999962941,1.0130817540000407
dist,105,0,4.452596095804129,0.8625785290240495,0.0040218489999688245,1.0112544910000452
difusco,105,0,2.2211967005132616,0.7493518474593674,0.0007356350000691236,1.0115753270000596
dimes,105,0,4.349498970168875,0.8375365426397607,0.0006685170000082508,1.0081927219999898
attgcn,105,0,5.6823916870507585,0.8751282764186907,0.0012623719999282912,1.0097753159999456
gnn,106,0,5.031511937464539,0.489500854426983,0.2707153970000036,1.2843134180000106
softdist,106,0,5.051649902020805,0.43984580177025556,0.005012626000052478,1.010297229999992
dist,106,0,5.872664394260174,1.3332985763758964,0.008304382999995141,1.021827882000025
difusco,106,0,1.6694822347360416,0.4251363808538855,0.00085202599996137,1.0075946690000137
dimes,106,0,4.780136067246188,0.9558855498156937,0.0006823560000839279,1.005816808000077
attgcn,106,0,5.783806063395436,1.407003074818558,0.0015335179999738102,1.014969505999943
gnn,107,0,3.5441501154781063,0.5016754160588999,0.23384007200002088,1.24299405499994
softdist,107,0,3.6357773590390385,0.7635335481664063,0.006492164000064804,1.0130888920000416
dist,107,0,5.175114501729783,0.6435387920928459,0.00924702800000432,1.0193423619999749
difusco,107,0,3.8048383106687345,0.6354907435700996,0.001103026000009777,1.0060207489999584
dimes,107,0,4.84240435368648,0.9009743713711993,0.0011494789999915156,1.0052006229999506
attgcn,107,0,4.258452657413225,0.46839881452964693,0.0013347830000611793,1.0098028600000362
gnn,108,0,5.17678248232285,1.0883449451914107,0.09199959099998978,1.0975785629999564
softdist,108,0,3.4715733264156556,0.8351140759790265,0.004526601000065966,1.0164803449999908
dist,108,0,4.306992643586405,0.5775814182129357,0.004488973999968948,1.0154339790000222
difusco,108,0,0.7427105133206435,0.22008363773133865,0.000754002999997283,1.0119227400000455
dimes,108,0,5.804817489185754,0.582210140326711,0.0007334170001058737,1.0048845050000637
attgcn,108,0,5.227386942716095,1.4405490849204838,0.0010560910000094736,1.0047769990000006
gnn,109,0,5.419121994156173,1.0920946495951656,0.10870273000000452,1.1135396740000942
softdist,109,0,4.3544762340163246,0.2653273544291235,0.00477610600000844,1.009705466000014
dist,109,0,5.44875842498469,0.7503584084115777,0.006056974999978593,1.0187698949999913
difusco,109,0,2.814701511322726,0.27288706354504644,0.0008210159999180178,1.0052532369999199
dimes,109,0,7.278383420443646,1.1400178744610967,0.0007141889999502382,1.0125061369999457
attgcn,109,0,4.857560421575746,1.8877852381332216,0.0011362520000375298,1.009474902000079
gnn,110,0,4.307383581202395,0.8093436416037436,0.15953957800002172,1.1660472649999747
softdist,110,0,4.371561609271146,0.5302686865838346,0.005137324999964221,1.010973503999935
dist,110,0,5.817175882816095,0.3341519883589106,0.008182960999988609,1.0169603240000242
difusco,110,0,1.298694674708778,0.8994689854944671,0.0009572320000188483,1.0074648400000115
dimes,110,0,5.732300500256593,0.5353911830139335,0.0007704359999252119,1.0083206169999812
attgcn,110,0,7.81157926677627,1.0277057710809334,0.0010002709999525905,1.0185351129999844
gnn,111,0,4.009367051375956,0.5069553770811641,0.21545061900008022,1.226778495000076
softdist,111,0,3.8862684960484506,0.8204465781307624,0.009190578000016103,1.0220084329999963
dist,111,0,4.069037638497486,0.5868988589458723,0.008882262999918566,1.0265900879999208
difusco,111,0,3.484926298059743,1.025130249899786,0.0011143719999608948,1.008295490999899
dimes,111,0,3.3926091291179183,0.26141168571884865,0.0006814600000097926,1.012517914
attgcn,111,0,5.208335600846681,0.04620975338021083,0.0010666980000451076,1.0090059249999968
gnn,112,0,4.090239838431797,0.8863828641374694,0.12737872100001368,1.1329040100000611
softdist,112,0,4.3179200733474365,1.3178085706706089,0.0063443169999573,1.0276487579999412
dist,112,0,4.804644264209879,1.2873867879797496,0.00851149400000395,1.0335773100000551
difusco,112,0,3.783786501259989,1.0738400518711222,0.0009246240000493344,1.009700941999995
dimes,112,0,4.146078643228979,1.4407893755760126,0.0006977240000196616,1.0045901319999757
attgcn,112,0,5.838470244681582,1.0851486451975534,0.001444613999979083,1.0280107859999816
gnn,113,0,4.25991248903268,0.8194199774897104,0.272397754999929,1.281712928999923
softdist,113,0,2.723093476961558,0.2247272431222136,0.009284044000082758,1.0181879269999854
dist,113,0,4.463502367492533,0.4589426416916398,0.008146816000021317,1.016871267000056
difusco,113,0,1.7243625129165885,0.3227038628479173,0.000979673999950137,1.005648922999967
dimes,113,0,4.793094028277944,0.5277157447063363,0.0007055190000073708,1.0115520790000119
attgcn,113,0,2.7140162500158604,0.4484331800689745,0.0010072080000327333,1.0089947320000192
gnn,114,0,3.0944831660387973,0.37951449106092827,0.11143132400002287,1.1444118179999805
softdist,114,0,4.216279424290148,1.1630546799594077,0.008866213000032985,1.0233248969999522
dist,114,0,4.948083391198854,0.7551326001763892,0.003912262999961058,1.0097026569999343
difusco,114,0,0.5383749925180314,0.39124849357734526,0.0007546819999788568,1.0040651130000242
dimes,114,0,5.319953062061122,1.3533276802680794,0.0007576770000241595,1.0067383790000122
attgcn,114,0,2.9608474588895817,0.7886318324044739,0.00111158599997907,1.009692188000031
gnn,115,0,3.7853489405569096,0.48804249456970705,0.10585252400005629,1.154007718999992
softdist,115,0,4.053435216883194,0.5779526613449049,0.005820990999950482,1.0126266629999918
dist,115,0,4.223224364762612,0.3314200771997067,0.005343258000038986,1.0144289490000347
difusco,115,0,1.8156327010593332,0.6277396948879188,0.0007850319999533895,1.015999158999989
dimes,115,0,3.9790596571613435,1.011588462791324,0.0006723000000192769,1.0080906629999618
attgcn,115,0,4.481817688163381,0.5147924860908537,0.0010651449999841134,1.004991892000021
gnn,116,0,4.722897708050255,0.32379086426281845,0.125629957000001,1.13168285200004
softdist,116,0,6.003531899317016,0.40021238141747517,0.00832220499989944,1.0170327569999245
dist,116,0,6.318474423199838,0.62532552431247,0.003933747000019139,1.0113495479999983
difusco,116,0,2.0502872690989937,0.5810072141706701,0.0007971039999574714,1.0109545659998957
dimes,116,0,6.558332360726027,0.3340716098980234,0.0008132689999911236,1.004653342000097
attgcn,116,0,4.947783553058538,0.3833946290442425,0.000979153999992377,1.0155629090000957
gnn,117,0,3.5485225406758802,0.47222848918784255,0.24187139299999671,1.2520784299999832
softdist,117,0,4.224640166262783,0.710022677383404,0.00884841200002029,1.0259528089999321
dist,117,0,5.442586772533908,0.8325735139641299,0.004169318999970528,1.0329859820000138
difusco,117,0,1.1682252115435388,0.39750143165413476,0.0009995110000318164,1.009299933999955
dimes,117,0,4.3368737563802995,0.5355293128031846,0.0008648799999946277,1.014752958000031
attgcn,117,0,5.385188751204151,0.8584701897679459,0.0010081770000169854,1.0062883260000035
gnn,118,0,3.5672732554914433,0.7285184419827617,0.16776058400000693,1.1774188090000735
softdist,118,0,5.263204802774357,0.3879063297339336,0.009230345999981182,1.0180829920000178
dist,118,0,4.831484837582711,0.714791090336675,0.004339418999961708,1.0094191670000328
difusco,118,0,0.15696467028503136,0.11465163592525585,0.002796397999986766,1.009969907000027
dimes,118,0,4.341493346953507,0.6042872084941253,0.0006748179999931381,1.0070271019999382
attgcn,118,0,4.805947566562185,1.0213720740152699,0.0010943899999347195,1.009297667999931
gnn,119,0,3.5903117988285826,0.1390540751307512,0.0931351579999955,1.098039262000043
softdist,119,0,5.195609337366425,0.2545338677087505,0.004159891999961474,1.0085740279999982
dist,119,0,4.806317087166256,0.9452788664307876,0.008754368000040813,1.053482929000097
difusco,119,0,1.6771310832321973,0.3810566779231417,0.0010434729999815318,1.0061614300000201
dimes,119,0,3.84492215299137,0.5369770512471117,0.0006988060000594487,1.0084107010000025
attgcn,119,0,4.59381347330754,0.15205215156279817,0.0010144369999807168,1.01226662199997
gnn,120,0,2.153013387996028,0.5497889809606304,0.23417480499995236,1.243687594999983
softdist,120,0,3.7692898828204813,0.5431059426611595,0.004645374000006086,1.046811438000077
dist,120,0,3.3376907861190297,0.44339772566284186,0.003999346000000514,1.0252437059999693
difusco,120,0,1.9557428524844767,0.22018992509740265,0.0007336260000556649,1.012066432000097
dimes,120,0,6.429171005880208,1.3977426548366756,0.0006856010001001778,1.0098243700000467
attgcn,120,0,5.541374731025228,1.03283781545207,0.00104813399991599,1.009668873999999
gnn,121,0,3.0590955896091065,0.6266476741631166,0.22651378000000477,1.2367363590000195
softdist,121,0,5.420589534748976,1.0025650256887397,0.005412278999983755,1.0115745849999485
dist,121,0,3.820283920813594,0.704945439946858,0.004225434999966637,1.010558807999928
difusco,121,0,2.0796703489881496,0.3432630866568198,0.0007824340000297525,1.0084007130000145
dimes,121,0,6.992124538363886,1.0547250537547237,0.0006727850000061153,1.004148741999984
attgcn,121,0,6.123584943589133,0.7204851137387003,0.0013820630000509482,1.0063040869999895
gnn,122,0,3.6324873170654692,0.8196219390884885,0.09425104100000681,1.099956614000007
softdist,122,0,3.8804627345213616,0.22640528028132767,0.00456415200005722,1.0103342800000519
dist,122,0,6.380799089880496,1.6277161772924487,0.0042191619999130126,1.0089836829999967
difusco,122,0,0.7348720959522881,0.2423360285472409,0.0008150319999913336,1.0059768139999505
dimes,122,0,4.834869656875251,0.4134135075986922,0.0007276139999703446,1.004928853000024
attgcn,122,0,5.990156644379785,0.7815532550505822,0.0011877220000542366,1.0060214569999744
gnn,123,0,3.8579237309620984,0.540406309652508,0.1287190760000385,1.136772216000054
softdist,123,0,4.663739126986788,0.42317798204938306,0.005280961000039497,1.010537255000031
dist,123,0,5.540766134327169,1.0450054014320198,0.004325039999912406,1.0114918599999783
difusco,123,0,3.0217021191041304,0.5040689784336472,0.0008701749999318054,1.0060956879999594
dimes,123,0,5.131376003200949,0.8648023332124444,0.0007142919999978403,1.0046788690000312
attgcn,123,0,6.271579643259573,0.9112135580441327,0.0010851139999203951,1.0091930319999847
gnn,124,0,4.251030727629557,0.360006883341879,0.08494469100003244,1.0906139380000468
softdist,124,0,4.921048127135252,0.25392793035587946,0.0047320190000164075,1.0129103489999807
dist,124,0,3.404558613936004,0.3481905621623316,0.004063595000047826,1.0089078250000512
difusco,124,0,2.5060082902043757,0.6026629949446027,0.0007482109999727982,1.0095603329999676
dimes,124,0,4.0745874308911745,0.6854763909063033,0.0008345860001099936,1.0050682730000062
attgcn,124,0,3.6749486485277316,0.7254082605947954,0.0012502390000008745,1.0081440330000078
gnn,125,0,4.060849689395196,0.22490623323381254,0.13945044399997641,1.145619689
softdist,125,0,4.340839688304454,0.292217945049833,0.004556696999998167,1.009145387999979
dist,125,0,5.180672540785158,0.5034199919411231,0.004047629999945457,1.0085589679999885
difusco,125,0,1.2697360083064213,0.618115316185186,0.0008180620000075578,1.005279728000005
dimes,125,0,3.82221248229504,0.6221581850061275,0.0007420990000355232,1.0048064530000147
attgcn,125,0,6.301850885847893,0.7349412423555579,0.0010383699999465534,1.0054618619999474
gnn,126,0,2.578383929035688,0.485414564730724,0.12306294400002571,1.129183151999996
softdist,126,0,3.214002030494112,0.26070461831777525,0.005139883999959238,1.0114956060000395
dist,126,0,3.7687955265360173,0.5414294940441655,0.007199525000032736,1.0146726159999844
difusco,126,0,1.206984410546874,0.5219183049121057,0.0008577950000017154,1.009073032999936
dimes,126,0,4.5647209562710955,0.713114841673268,0.00073373400005039,1.0273970680000275
attgcn,126,0,4.701091234740562,0.3355695600221864,0.0011614060000511017,1.005194518000053
gnn,127,0,4.043097503853033,0.5864519731138662,0.1375230119999742,1.1428871809999919
softdist,127,0,3.9392736366742787,0.8850098338549106,0.013988301999916075,1.0206021819999478
dist,127,0,3.4472852421164157,0.620904068530681,0.0059770760000219525,1.0171874650000063
difusco,127,0,1.1682521592034423,0.01337369038805214,0.001064859999928558,1.0074885760000143
dimes,127,0,4.500885454276249,0.3454270424440242,0.0006882330000053116,1.0059813860000304
attgcn,127,0,5.07138504468474,0.36085573989190767,0.000980970000000525,1.0056156089999604
gnn,0,1,4.503459155633216,0.2723137935873421,0.09207433300002776,1.0967423429999599
softdist,0,1,4.422560690087574,0.38079529772505616,0.006469667000033041,1.0142107070000748
dist,0,1,4.595502034207688,0.39892314287883757,0.0042342570000073465,1.0091222549999657
difusco,0,1,2.5044304217034075,1.0190638979506117,0.0009248100000149861,1.0046677270000828
dimes,0,1,6.25716808585095,0.45077425338277965,0.0007583629999317054,1.0046803259999706
attgcn,0,1,5.350705681077184,1.1467815076159793,0.0010397889999467225,1.0063996079999242
gnn,1,1,4.0434133061427735,0.5213393279895229,0.11539083499997105,1.1290522790000068
softdist,1,1,3.4340897009558002,1.0127669453876331,0.004055556000025717,1.016916517000027
dist,1,1,5.309972271961794,0.9685409730213701,0.00990070900002138,1.017475807999972
difusco,1,1,2.8797686618624807,0.6545117410897472,0.0009069300000419389,1.004294089000041
dimes,1,1,4.107654332136801,0.5750073006802969,0.0009942069999624437,1.0069683479999867
attgcn,1,1,6.063450566570205,0.7683549280902868,0.0014601149999862173,1.0069330490000539
gnn,2,1,3.7093979473460603,0.6982560164932483,0.13288557900000342,1.1380360450000353
softdist,2,1,4.323099802035535,0.7838316333509177,0.004229152999982944,1.00869835900005
dist,2,1,4.921350468826025,1.5815440394672864,0.004010113000049387,1.0090389580000192
difusco,2,1,0.5268788954622572,0.3740812077636102,0.0008335329999908936,1.0039793580000378
dimes,2,1,5.281982692331133,1.0512640214063618,0.000730203000102847,1.004322075999994
attgcn,2,1,7.500465234144649,0.8840012461739821,0.0011294309999811958,1.0060373369999525
gnn,3,1,3.9868032628210592,0.2226032985990889,0.12147178099996836,1.1273943979999785
softdist,3,1,5.7269365581723575,0.7406080287087446,0.004472637000048962,1.0094297870000446
dist,3,1,5.744437970556393,0.2118530790222728,0.003854741999930411,1.00864341099998
difusco,3,1,0.9278545291029561,0.5571832443751257,0.0009748420000050828,1.0054021490000196
dimes,3,1,5.272319745533927,0.31759903698376224,0.0008848939999097638,1.006516837999925
attgcn,3,1,5.59239055796501,1.1145885898420582,0.0010784859999830587,1.0046636800000215
gnn,4,1,3.831620263078328,0.43053815363049974,0.08037398899989512,1.0855797149999944
softdist,4,1,5.079126786510479,0.6137646002559949,0.004169692999994368,1.009321261000082
dist,4,1,3.570069283493371,0.6226801166196783,0.0038860419999764417,1.0084284499999967
difusco,4,1,3.765301873232718,0.5319999801255193,0.0007550920000767292,1.0044661040000165
dimes,4,1,6.314818248369192,0.9383976972899166,0.0007939649999570975,1.006730822999998
attgcn,4,1,5.9418336651159365,0.8379384226145481,0.001045773999976518,1.0054421270000375
gnn,5,1,5.661026175706074,0.5593050444044234,0.10316770400004316,1.1077745869999944
softdist,5,1,3.7297966656841153,0.4715674276854598,0.004407926999988376,1.0089323500000091
dist,5,1,4.512792046591052,0.26464460183264205,0.0038281419999748323,1.0104346449999184
difusco,5,1,1.789316394514473,0.5328814286901018,0.0007787320000716136,1.0039336840000033
dimes,5,1,5.8751008870504995,0.8010186857176915,0.0006826610000416622,1.004913927000075
attgcn,5,1,4.106958444333486,0.4523370941172722,0.0012194070000077772,1.0052469660000725
gnn,6,1,4.9504281891852076,0.6728605615201388,0.07895080899993445,1.0865197949999583
softdist,6,1,3.831711850027286,0.5978179214375823,0.00444906399991396,1.0099964479999244
dist,6,1,4.125932135924404,1.181079085844372,0.006545445000028849,1.014053782000019
difusco,6,1,1.842476654499281,0.52322062815231,0.0010292259999005182,1.004957611000009
dimes,6,1,5.044165203309481,0.8833694149685156,0.0006867619999866292,1.004082535000066
attgcn,6,1,5.613623980632765,0.9883140170323657,0.0011753620000263254,1.0058865999999398
gnn,7,1,5.2599016089927675,0.6325708299759425,0.13413669900000968,1.1395721290000438
softdist,7,1,5.141898689675761,0.7746080041046932,0.004335049000019353,1.011146745000019
dist,7,1,5.113387700346861,0.09337235421553736,0.004125468999973236,1.0099976739999192
difusco,7,1,0.8762246797095585,0.24998132447744403,0.0009935819999782325,1.0067460129999972
dimes,7,1,4.5744588161021005,0.2804940314502735,0.0007058729999016577,1.004198065999958
attgcn,7,1,6.89643865815488,0.10650141634234167,0.0010151640000231055,1.00658015099998
gnn,8,1,2.6530049243543186,0.3373771340959175,0.20635155100001157,1.2122808509999459
softdist,8,1,3.813005771903044,1.1506898240550845,0.008519358000057764,1.0178545260000647
dist,8,1,3.7976268277593483,0.545465506098175,0.003887463000069147,1.0083403670000735
difusco,8,1,2.225511356887333,0.4996617848743057,0.000723612999991019,1.003788042999986
dimes,8,1,4.61077128423053,0.6981396250531846,0.0007304350000367776,1.0043046830001003
attgcn,8,1,4.7393900222914676,0.3002086811093818,0.0011180210000247826,1.0049102609999636
gnn,9,1,3.595048331118722,0.6922287861141685,0.10466233199997532,1.1096266089999745
softdist,9,1,5.16878428428631,0.7579548743490205,0.0044128380000074685,1.0091835859999492
dist,9,1,4.7226250424674765,0.5339584524023167,0.00419961099999,1.0087421739999627
difusco,9,1,2.4156352294143257,0.3328391069969072,0.0008638470000050802,1.0045107390000112
dimes,9,1,4.311467589213613,1.254801139747097,0.0007862520000117001,1.0053378430000066
attgcn,9,1,5.9080684617010215,1.1519588891936383,0.001117444999977124,1.0050485369999933
gnn,10,1,3.704129678559376,0.5040550392799048,0.0818675529999382,1.086658689999922
softdist,10,1,3.965768511182821,0.21649629963189643,0.004181539999990491,1.009417085999985
dist,10,1,6.098955638781378,0.5670372166272086,0.004071279999948274,1.0109166949999917
difusco,10,1,0.8483354130142784,0.3208974865432035,0.0009006770000041797,1.0045224469999994
dimes,10,1,4.374997185137208,1.3709992787862113,0.000821796999957769,1.0053296319999845
attgcn,10,1,5.855177395495725,1.0934374682834092,0.0012079969999376772,1.0054341439999916
gnn,11,1,4.131362942034222,0.4479183730847991,0.11874301699992884,1.1255444819998957
softdist,11,1,3.1358801403842396,0.24418544757056626,0.004295893999938016,1.009291573999917
dist,11,1,4.974232761510944,1.0058248695819616,0.004012024999951791,1.0094193979999773
difusco,11,1,1.901759078820242,0.13046233511853078,0.0007817929999873741,1.004325498000071
dimes,11,1,3.695910900779875,0.9848165689205768,0.0007000589999961448,1.0043054409999286
attgcn,11,1,4.60717368625323,1.1682128826982163,0.0010457639999685853,1.0054553859999942
gnn,12,1,5.2801422320266855,0.4630976604210524,0.07953954200002045,1.0909040259999756
softdist,12,1,4.174962068734955,0.695110886282091,0.006694241999980477,1.016750462999994
dist,12,1,3.8296422102813032,0.6908316512755253,0.004325584999946841,1.0094400729999506
difusco,12,1,3.2129298075677992,0.2129625862140161,0.0007191219999640452,1.0119782689999965
dimes,12,1,6.064245053799655,0.2274804966822419,0.0007542890000422631,1.0051187689999779
attgcn,12,1,4.810902179902388,1.0450331578620409,0.0013340780000135055,1.0083402830000523
gnn,13,1,3.0227209761859664,0.05813314551166293,0.11236535599994113,1.117108749999943
softdist,13,1,3.7625852026517137,0.8114337734893784,0.006979158000035568,1.0137385980000317
dist,13,1,4.187871918948449,0.7405738938597972,0.004339146999996046,1.0095422699999972
difusco,13,1,1.5351278645463484,0.0,0.0007896210000808424,1.00413499900003
dimes,13,1,4.837420951554772,0.6549574579584494,0.0008308970000143745,1.006524268000021
attgcn,13,1,7.932981573977171,0.07831282867911682,0.0010675070000161213,1.0051219360000232
gnn,14,1,4.665707378805983,0.5055846719039137,0.12500034800007143,1.1315553809999983
softdist,14,1,3.9207753273312607,0.8830423100005591,0.00421430500000497,1.0090144099999634
dist,14,1,4.457439470167013,0.8922313633110912,0.005249623000054271,1.0159583199999815
difusco,14,1,0.8939944199045868,0.10795784169055356,0.0007681130000491976,1.0173069590000523
dimes,14,1,4.043025047687276,0.8259605161025307,0.0007885899999564572,1.057779236999977
attgcn,14,1,6.089418253414891,0.6644949400559153,0.0013844310000195037,1.0062669079999296
gnn,15,1,3.0826483128941096,0.42971992897022915,0.17993512600003214,1.1859123070000805
softdist,15,1,4.609556225838829,0.9357713746666052,0.008852227000033963,1.0179118120000794
dist,15,1,4.2290109848024615,0.8122778080528859,0.004039312000031714,1.0090618720000748
difusco,15,1,1.3582356248051042,0.30707572122854465,0.0008148429999437212,1.0058857729999318
dimes,15,1,4.602794706864799,1.1817654824982426,0.0006818519999569617,1.004455108000002
attgcn,15,1,3.1198104744391664,0.710986965086069,0.0010531419999324498,1.0051204789999701
gnn,16,1,4.364845716496291,0.06893196294766035,0.07948784300003808,1.083811847999982
softdist,16,1,5.2698526340522855,1.139827459700582,0.004264810999984547,1.0089191030000393
dist,16,1,4.330339483917056,1.2063424007057844,0.003927284000042164,1.008725045999995
difusco,16,1,2.775867996824366,0.5793491296042896,0.0008271620000641633,1.004445105000059
dimes,16,1,6.656087415789136,1.3984642735613173,0.0006714920000376878,1.0042937380000012
attgcn,16,1,5.540694471302143,1.3235425234290554,0.0010804419999885795,1.0050857580000638
gnn,17,1,4.682926540765053,0.8298706600970318,0.13684480500000973,1.1826765910000177
softdist,17,1,3.493321164652552,0.6670199529764886,0.0045672750001131135,1.0188433580000265
dist,17,1,3.194377458260278,0.9799451383606161,0.003958920000059152,1.009461138000006
difusco,17,1,1.7496513140198289,0.7536273638560687,0.0007849170000326922,1.0043343120000827
dimes,17,1,3.1864624024772414,0.5946386335629938,0.0007290580000471891,1.0045140290000063
attgcn,17,1,4.596603163597268,0.5035452433516552,0.0010267689999636787,1.0163912040000014
gnn,18,1,2.793903910164741,0.303598365620128,0.1639886350000097,1.1698187880000432
softdist,18,1,3.490105439491087,0.42361976644695876,0.00894274300003417,1.0287907809999979
dist,18,1,5.704340967167276,0.52962632972271,0.004315345999998499,1.010222481000028
difusco,18,1,2.4666508650754926,0.6250450009040787,0.0008893630000557096,1.0047163190000674
dimes,18,1,4.49104838375276,0.5153198464370234,0.0009033520000230055,1.0066207899999426
attgcn,18,1,3.1179522753035815,0.5420877766475929,0.0012148530000786195,1.0059597929999882
gnn,19,1,3.3644656624652214,0.14211492988922547,0.12994672900003934,1.1435273419999703
softdist,19,1,4.194214159027809,0.22945132188698647,0.004642939999939699,1.0109154329999228
dist,19,1,4.209961156321418,0.391319769309173,0.004144646999975521,1.0094310509999787
difusco,19,1,1.298740793063291,0.31685996164210195,0.0008452820000002248,1.0040516840000464
dimes,19,1,5.367232501473929,0.8500328501361398,0.0006924570000137464,1.0045422229999303
attgcn,19,1,3.7210739516677194,0.1566475521342925,0.0011125599999104452,1.0054730889999064
gnn,20,1,4.575010938668012,0.8027437201936438,0.10586393500000213,1.114638889000048
softdist,20,1,4.9232492326319655,0.40747667254277253,0.004434037999999418,1.010629359999939
dist,20,1,4.47416928575779,0.8707874871278332,0.0040826240000342295,1.0086627700000008
difusco,20,1,1.2154871275586565,0.6622783681243138,0.0008236019999685595,1.0051269049999974
dimes,20,1,5.882011385772934,1.0507444741038041,0.0007609189999584487,1.0058758219998936
attgcn,20,1,4.7030390984819315,0.5829041143126101,0.0010962759999983973,1.0057488999999578
gnn,21,1,4.797728249596034,0.6248107404509762,0.10265250800000558,1.107966986000065
softdist,21,1,4.009607291537964,0.5703971307593259,0.005621757999961119,1.0112949450000315
dist,21,1,5.107636884363198,1.2364703650850073,0.0042504539999299595,1.0141333740000391
difusco,21,1,2.1901728634537765,0.7593913704698974,0.0007578390000162472,1.0041422719999673
dimes,21,1,6.034400495437864,1.0588682744502753,0.0007206819999510117,1.0070050399999673
attgcn,21,1,6.371207615233332,1.0097883524345708,0.0013605220000272311,1.007113946000004
gnn,22,1,4.6948366980337,0.676235007740944,0.10136188900003162,1.1097467540000707
softdist,22,1,4.996131610749166,0.7543658783919494,0.004661093999970944,1.009438351999961
dist,22,1,4.5979225393750545,0.5000406061629104,0.005092357000080483,1.011906995000004
difusco,22,1,3.404555121245756,0.7192727417537625,0.0008414410000341377,1.0043685289999758
dimes,22,1,5.843274536881826,0.5569066971717662,0.0007980230000157462,1.0082238609999195
attgcn,22,1,5.955407633154519,0.2964728158662222,0.0010558300000411691,1.0058563649999996
gnn,23,1,3.439037607095674,0.18163754387259257,0.09620743099992524,1.1008035239999572
softdist,23,1,4.417702710028615,0.5698287805750546,0.004279757999938738,1.008991777999995
dist,23,1,3.9227724929545627,0.7752533390616323,0.004321204999996553,1.0087586849999752
difusco,23,1,0.7443795062233471,0.10212432607885624,0.0009169680000695735,1.0072175950000428
dimes,23,1,4.301697885485645,0.9249615212310047,0.0006514910000987584,1.0071059790000163
attgcn,23,1,4.77372636980351,0.8291360711005558,0.0010277369999585062,1.0053419800000256
gnn,24,1,3.263500442539491,0.2391337693683715,0.11281432100008715,1.11808828300002
softdist,24,1,3.211282739466337,0.5404842274464805,0.0050855340000453,1.0105921000000535
dist,24,1,4.242242345038694,0.9848090423959954,0.004209462000062558,1.0130790560000378
difusco,24,1,1.9503445311792822,0.3910326651872964,0.0007646440000144139,1.004182018999927
dimes,24,1,3.712459207066332,1.2020642024297645,0.0006458899999870482,1.007854433000034
attgcn,24,1,7.627623883452328,0.26490622923565077,0.0010750249999773587,1.0050247540000328
gnn,25,1,4.7185998535606455,0.2991115479259676,0.14325097599999026,1.1489036400000714
softdist,25,1,4.011019721104159,0.47699923579362924,0.005851720000009664,1.011612183000011
dist,25,1,3.375697288296564,0.22035381696430267,0.003823858999908225,1.0210959479999246
difusco,25,1,2.10465713534147,0.27942588991844985,0.0007644280000249637,1.0045552039999848
dimes,25,1,3.106837694490472,1.0001788429368164,0.0007848209999110622,1.0088110559998995
attgcn,25,1,5.249402743302656,0.7373269235888991,0.017071643999997832,1.0287652030000345
gnn,26,1,2.420071918455746,0.13862499335928202,0.18687060100000963,1.1992445240000507
softdist,26,1,3.762460424692904,0.8091610822542838,0.008626002999903903,1.0173467419999724
dist,26,1,4.930527764543635,0.6607128355425651,0.00938957500000015,1.0238254839999854
difusco,26,1,2.168991095026618,0.8165394576701068,0.0009642720000329064,1.0152845260000731
dimes,26,1,4.086099216273809,0.9372627380466403,0.0006804360000387533,1.0079917680000108
attgcn,26,1,5.716876919395797,0.829282008244836,0.0013843599999745493,1.009641090999935
gnn,27,1,4.638817925167049,0.2682587234141609,0.2014535139999225,1.2107070119999435
softdist,27,1,3.5599970964863337,0.7214410173634445,0.00836446400001023,1.0201735089999602
dist,27,1,5.928707568470326,1.9107814177735216,0.00833527600002526,1.020875971999999
difusco,27,1,3.1671946853963684,0.5360688373060807,0.0007403480000220952,1.0041734610000503
dimes,27,1,6.319126223503502,0.5455284747876821,0.0006377140000495274,1.0089523650000274
attgcn,27,1,6.668259161870482,0.6406538822764762,0.0010296140000036758,1.0128867290000017
gnn,28,1,4.794202145780724,0.6850054372045999,0.24854501699996945,1.2581502760000376
softdist,28,1,5.220425908819348,0.8062788721289849,0.008671546999948987,1.0180404079999334
dist,28,1,4.819363393151144,0.7783076381306708,0.004472402000033071,1.014872137999987
difusco,28,1,1.0965556058484038,0.06357298567554182,0.0007612870000457406,1.0233352980000063
dimes,28,1,5.469851996872932,0.3492676933130934,0.0006885679999868444,1.0070621660000825
attgcn,28,1,7.181738308468977,1.3346922123934624,0.0011856470000566333,1.0129938019999827
gnn,29,1,4.445115422466439,1.0151120535202063,0.2589453150000054,1.2763964409999744
softdist,29,1,3.9878738602803665,0.3660856757515818,0.008924944999989748,1.0214729089999537
dist,29,1,4.926781970629257,1.0735479555602057,0.007769897999992281,1.0204846049999787
difusco,29,1,4.437157940784631,0.5693146398268345,0.0012702620000482057,1.013919181999995
dimes,29,1,5.319517516878136,1.3435598894559142,0.000730763999968076,1.0123961949999511
attgcn,29,1,5.528299256317548,1.0448789665374436,0.0010474239999211932,1.0161682069999642
gnn,30,1,4.992428233175428,0.004426398982482205,0.15461093600004006,1.163395348999984
softdist,30,1,5.983229936217693,0.8962394319384615,0.00957382800004325,1.0283787549999488
dist,30,1,5.380449772997453,1.1282188687067762,0.008187864999968042,1.01866754699995
difusco,30,1,3.70299256634834,0.21255806847282344,0.0007316689999470327,1.0115202969999473
dimes,30,1,4.638063163745043,0.2714070440850813,0.002482657000086874,1.0176449150000053
attgcn,30,1,3.191281171107141,1.2657305314236256,0.00101516500001253,1.0129751460000307
gnn,31,1,4.467264930058779,0.012354014900028965,0.16492479700002605,1.1871620020000364
softdist,31,1,3.7742725405757405,0.009727540886972363,0.008578557999953773,1.017099759999951
dist,31,1,4.7194684227008565,0.07216899791893105,0.0100052829999413,1.0248095409999678
difusco,31,1,1.4442972690817513,0.2053387837958942,0.0008532279999826642,1.0085308950000353
dimes,31,1,4.024553189101754,0.06301952882383777,0.0007187979999798699,1.0045062619999499
attgcn,31,1,6.216928368301922,0.3972416263079426,0.001089279999973769,1.0075692649999155
gnn,32,1,2.3586083587756157,0.1557567750283928,0.12191512300000795,1.1278388229999337
softdist,32,1,4.628045313693896,0.5085486060779187,0.006131707000008646,1.0117320250000148
dist,32,1,4.1223272434494085,0.09207395283090669,0.003924321999988933,1.0086946989999888
difusco,32,1,2.490645477173037,1.0065489995813914,0.0008137549999673865,1.004102927999952
dimes,32,1,5.811245379442509,1.6729874827759783,0.0006500099999584563,1.004589397000018
attgcn,32,1,4.432630709203811,1.2109362355103848,0.0012563309999222838,1.0056702900000118
gnn,33,1,3.1943691291465015,0.23949447739404217,0.1370657630000096,1.1456556599999885
softdist,33,1,4.373981427836293,0.6229682050565621,0.004785974000014903,1.0109834349999574
dist,33,1,3.8601904966693246,0.5486698067277196,0.004318993999959275,1.0094084799999337
difusco,33,1,1.6382657692456837,0.6789315107129434,0.000861600999996881,1.0044010249999928
dimes,33,1,4.883097495257593,0.6057979413759185,0.0006817419999833874,1.0042498160000832
attgcn,33,1,5.095200132568212,0.34787511641449775,0.000988940999945953,1.005009280999957
gnn,34,1,5.120158376162087,0.6011198084978409,0.0810153799999398,1.0867541960000153
softdist,34,1,5.201899408712585,0.8289432601469526,0.0051063350000504215,1.0112772979999818
dist,34,1,3.6321496954315746,0.3674080927930756,0.003934360000016568,1.0085754980000274
difusco,34,1,2.799093943037745,0.5790613863414729,0.0007510689999890019,1.0041047959999787
dimes,34,1,7.194303918156453,0.1397539822666216,0.0007582250000268687,1.004818986000032
attgcn,34,1,6.155740965456458,0.8424155802785771,0.0010576960000889812,1.0051728830000002
gnn,35,1,4.883897754236655,0.7223972598828787,0.08804939599997397,1.0929123470000377
softdist,35,1,4.959735538255594,0.9661502014194356,0.0043468119999943156,1.0095415350000394
dist,35,1,4.2932159485753685,0.8819890112230055,0.007210294999936195,1.0119062359999589
difusco,35,1,0.395100805411297,0.06970169848175001,0.0007954449999942881,1.0039650620000202
dimes,35,1,5.380776655464969,1.111854400262935,0.0006536490000144113,1.0048218849999557
attgcn,35,1,3.49314853994267,0.9224142466724539,0.0010327960000040548,1.0050813640000342
gnn,36,1,3.9800955684383688,0.12653223326450913,0.08195785199995953,1.087851975000035
softdist,36,1,5.85119351768566,0.43174943585362335,0.004323419999991529,1.010109994000004
dist,36,1,5.353243030791677,0.3825593961793272,0.004934990000037942,1.0117953909999642
difusco,36,1,4.604733509990733,0.1762510697056685,0.0008904520000214688,1.0044290120000596
dimes,36,1,5.628465908344449,0.5557954618600869,0.0008375849999993079,1.0177376839999397
attgcn,36,1,5.0059042998050085,0.9160925241972429,0.00119584800006578,1.005258528000013
gnn,37,1,3.822111708342857,0.19003898602323321,0.1188568769999847,1.1240098970000645
softdist,37,1,4.484596145764708,0.5456711417143545,0.004725850999989234,1.0109016750000137
dist,37,1,4.828593272930792,1.2951697194826028,0.0055352400000856505,1.0131202170000506
difusco,37,1,2.770128076047329,0.5986796577226228,0.0008259869999847069,1.004461646999971
dimes,37,1,5.4114125136500935,0.8724406655062245,0.0008848239999679208,1.0049518829999897
attgcn,37,1,7.0230431204238775,0.4766353296718373,0.0010479390000455169,1.0063646629999994
gnn,38,1,3.295186913768977,0.4424221404701001,0.1411310330000788,1.1518001299999696
softdist,38,1,4.522784042211647,0.20991027270995666,0.004645359999926768,1.009745162999934
dist,38,1,5.636653810197534,0.16850706965425566,0.004276204000007056,1.009123704999979
difusco,38,1,1.7235134335673585,0.3018605977008537,0.0008134019999488373,1.0052911850000328
dimes,38,1,7.616561057723992,0.6425657141870378,0.0008381990000998485,1.007014330000061
attgcn,38,1,5.365856754785248,1.249435183246561,0.0026344000000335654,1.0157339209999918
gnn,39,1,5.781393952437508,0.5768971451883598,0.0926103230000308,1.1001612530000102
softdist,39,1,4.8166930279210485,0.3785600662458144,0.004752753999923698,1.0096446499999274
dist,39,1,4.607091802440766,0.48106256106401624,0.004142999000009695,1.0092506459999413
difusco,39,1,2.865778207720826,0.95448308220627,0.0007922470000494286,1.0159088850000444
dimes,39,1,4.725569332619894,0.7591008335074756,0.0006919829999105787,1.004514305999919
attgcn,39,1,5.522275064798254,1.1032636718927513,0.001441677000002528,1.0073591709999619
gnn,40,1,4.519667190193966,0.6757898110749228,0.07785952100005034,1.0826290969999945
softdist,40,1,4.636393285592533,0.5532439402793132,0.004717246999916824,1.0117449299999635
dist,40,1,4.610322682345425,0.5603173042464604,0.004139764999990803,1.008956008000041
difusco,40,1,2.574655914104218,0.17975046813434314,0.0007080889999997453,1.0070468489999485
dimes,40,1,6.056038368627981,0.019054546633578973,0.0006710459999794693,1.0046135339999864
attgcn,40,1,6.49257738012885,1.1886329175686772,0.0010611649998963912,1.004990379999981
gnn,41,1,5.233148965972134,0.20554100868594993,0.10128998799996225,1.106181556000024
softdist,41,1,4.085498214831995,0.8429482434006985,0.005898739000031128,1.0114163780000354
dist,41,1,3.1154451936449057,0.26886649431434595,0.0038278140000329586,1.0084764819999918
difusco,41,1,1.3396512112602954,0.282043575651314,0.000807654000027469,1.0164803520000305
dimes,41,1,4.0391934170623145,0.5653113745402782,0.000649053000074673,1.00454852200005
attgcn,41,1,4.809663891540006,1.1351403270775995,0.0019033789999411965,1.0125967379999565
gnn,42,1,4.472527871930954,0.5015978307893354,0.08283151099999486,1.0870749550000482
softdist,42,1,6.210194508882161,0.5375343723151182,0.004512865999913629,1.0097512859999824
dist,42,1,5.2918278974268596,0.46066520954228807,0.004235523999909674,1.0104292319999786
difusco,42,1,2.009831456020539,0.5440962460398824,0.0008734909999930096,1.0060221610000326
dimes,42,1,5.241276327130007,1.752810375201408,0.0008054659999743308,1.005284768000024
attgcn,42,1,5.22064284334649,0.7332323655785622,0.0011123040000029505,1.0056093439999358
gnn,43,1,3.347014791166414,0.5924417264884241,0.1527370000000019,1.158447772000045
softdist,43,1,4.300032300778733,-0.010641315678772134,0.004617153000026519,1.0096850280000353
dist,43,1,4.12265252006867,0.16508052032124798,0.004327269999976124,1.0095513009999877
difusco,43,1,1.7359829644394198,0.693632433632696,0.0007470199999488614,1.004248453999935
dimes,43,1,7.171305877323775,1.5572572708993038,0.000681815000007191,1.0048528890000625
attgcn,43,1,3.6908438641806374,0.6663094781802714,0.0009748370000579598,1.005546953000021
gnn,44,1,3.812811270737959,0.2709007837287558,0.11188362600000801,1.1177304909999748
softdist,44,1,3.5427614643160688,0.4649182034656585,0.004228792000048998,1.0089745559999983
dist,44,1,5.2717093771221135,0.49866446925248553,0.004027867999980117,1.0092272399999729
difusco,44,1,1.510576330225022,0.13867901289732476,0.000736574999905315,1.0040609709999444
dimes,44,1,5.996150860303029,0.7671744735535668,0.0007511500000418891,1.0104691420000336
attgcn,44,1,6.606315029708343,0.6168032575242677,0.00103033499999583,1.0052292389999593
gnn,45,1,4.572765216803298,0.10849611346168686,0.1131192339998961,1.1177392919998965
softdist,45,1,5.008760925692135,0.8342899838908568,0.004237280999973336,1.009684696000022
dist,45,1,4.597927981322836,0.24896694305691636,0.005631160000007185,1.0122271540000156
difusco,45,1,1.458709692308191,0.5112013703920892,0.0007691329999488516,1.0045837320000146
dimes,45,1,5.10533759200642,0.7554240117145783,0.000657276999959322,1.0042808130000367
attgcn,45,1,3.8609446111248724,0.36249220673696403,0.0010897060000161218,1.004865097999982
gnn,46,1,4.228397892662361,0.4252335767150006,0.07793140900002982,1.082396741000025
softdist,46,1,4.812835566524609,0.19751282549500537,0.004756389000021954,1.0096485369999755
dist,46,1,4.851714800101936,1.0922720708940625,0.003795285000023796,1.0093064809999532
difusco,46,1,0.8478623684896824,0.41492131855558334,0.0007850279999956911,1.0041520400000081
dimes,46,1,5.100699926596941,0.9275467451369757,0.0006659400000899041,1.0045168720000675
attgcn,46,1,4.905415922679057,1.3109615272401287,0.0010713099999293263,1.0053931389999207
gnn,47,1,4.068355714017269,0.3741260772379462,0.10554703299999346,1.1106742050000094
softdist,47,1,3.655548718513435,0.2806457449764377,0.013699615999939851,1.018533515999934
dist,47,1,3.72132962171563,0.9267202729589918,0.00405009999997219,1.0110912970000072
difusco,47,1,0.883831448522221,0.2628596790688942,0.000814396000009765,1.0048314840000785
dimes,47,1,5.955802390388443,0.4989466536344578,0.0007031829999277761,1.0043362530000195
attgcn,47,1,5.564551836380227,1.072979743322966,0.001046449999989818,1.0052527179999515
gnn,48,1,3.95216025431393,0.06370266833892746,0.07923076000008678,1.0836243830000285
softdist,48,1,2.297389634484648,0.39742687636268315,0.004278776000091966,1.0088766879999866
dist,48,1,2.797500611438819,0.27920005432506834,0.003921551999951589,1.0098676000000069
difusco,48,1,2.210637109263369,0.7203882252840188,0.0008190700000341167,1.004303305999997
dimes,48,1,3.8524412686950837,1.1066607547455698,0.0009559139999737454,1.0212006460000111
attgcn,48,1,5.724748185750328,0.5734256719701625,0.001124595999954181,1.005012996000005
gnn,49,1,4.815318760625398,0.7103115385431957,0.09503629400001046,1.1021066389999987
softdist,49,1,6.03850115424398,0.45727746859922647,0.004185003000088727,1.0414660290000484
dist,49,1,4.323343861267981,0.8642954328154762,0.0038492710000355146,1.0081650540000737
difusco,49,1,2.9166903964886526,0.6294600584318522,0.0008719359999531662,1.0043098049999344
dimes,49,1,6.541794156168734,0.34928784369596677,0.0006444740000688398,1.0074416530000008
attgcn,49,1,5.209354576949643,1.5499999295559563,0.0010143699998934608,1.0191028449999067
gnn,50,1,3.805607871585548,0.3527179825381088,0.1371990630000255,1.1443008620000228
softdist,50,1,4.944494391524956,0.044580090511248116,0.004300993000015296,1.0089976159999878
dist,50,1,3.0736260929995485,0.5067349178133895,0.007612084000015784,1.0162081980000721
difusco,50,1,0.6079871114753166,0.4119939162515962,0.0007865879999826575,1.0084998109999788
dimes,50,1,6.637583179538731,0.9291995447697543,0.0006822679999913817,1.0054040980000991
attgcn,50,1,5.329452152519343,1.1517591883852374,0.0011285479999969539,1.013102957000001
gnn,51,1,3.1937881654034106,0.021436739819580275,0.2647059810000201,1.2774856309999905
softdist,51,1,4.014917012089159,0.7724465984233042,0.008325674000047911,1.0168531260000009
dist,51,1,4.449164645484038,0.8510261265575192,0.010635965000005854,1.019740879999972
difusco,51,1,1.3984765761493545,0.5304765096310504,0.0008609050000814022,1.0087208600000395
dimes,51,1,5.656760336905431,0.9656284482048028,0.0006871059999866702,1.0040147240000579
attgcn,51,1,5.8907242062771425,0.8556330591344308,0.0010195199999998295,1.0050133239999468
gnn,52,1,4.683603981673201,0.43596768509754913,0.14275223999993614,1.1529277570000431
softdist,52,1,4.42540388081567,0.4622496467432402,0.00484773599998789,1.0129012119999743
dist,52,1,5.154451237856117,0.5617325045612409,0.004077619999975468,1.0141268559999617
difusco,52,1,1.8776386276890156,0.2471025956707118,0.000781922999976814,1.0084506939999756
dimes,52,1,5.425300290191526,0.6223840447532769,0.0006785179999724278,1.012546049999969
attgcn,52,1,7.326159037533486,0.6437823813603583,0.0010409930000605527,1.026403432000052
gnn,53,1,2.5597957892198986,0.440183979002029,0.11585667300005298,1.1208343140000352
softdist,53,1,5.259754074870782,1.1665772229750848,0.008274959000004856,1.0199840979998953
dist,53,1,6.659578667750776,0.6511868029394963,0.011901981999926647,1.0210303950000252
difusco,53,1,2.2119596216567006,0.2684362665758888,0.0007628139999269479,1.0171011469999485
dimes,53,1,5.486528975015803,1.4232546820612813,0.000707444999989093,1.0062452229999508
attgcn,53,1,4.440572445024671,0.5758437513171621,0.001105176000010033,1.0053474569999707
gnn,54,1,4.160189576033146,0.3707980785418341,0.11418412399996214,1.1223941360000254
softdist,54,1,3.563174616544851,1.0337554526422377,0.005079270999999608,1.0117254850000563
dist,54,1,3.483390411627729,0.819054054239432,0.003843997999979365,1.00928994100002
difusco,54,1,1.9231133950909252,0.377752498407502,0.0007584229999793024,1.0058101900000338
dimes,54,1,5.345529002544502,0.6132902394908379,0.0007372789999635643,1.0076177159999133
attgcn,54,1,3.964858551222039,0.5200966908201599,0.0011944829999492868,1.005250918999991
gnn,55,1,4.705044768269895,0.448515311301545,0.09687992300007409,1.1021181749999869
softdist,55,1,4.438952685834829,0.4618486625703522,0.004203005000022131,1.009423757000036
dist,55,1,4.389450834092834,0.5594283469899874,0.003996427999936714,1.0083998210000118
difusco,55,1,1.847541427945587,0.6000354665391505,0.0007843370000273353,1.0043012890000682
dimes,55,1,5.638382833529354,0.9936082346501118,0.0006921180000745153,1.0047245690000182
attgcn,55,1,6.442390327275294,0.8120066567879336,0.0010556899999301095,1.0052892359999532
gnn,56,1,3.464693654483808,0.7507938416796867,0.18994753599997694,1.196428009999977
softdist,56,1,5.917755144184933,0.050285239218594846,0.0041954969999551395,1.0088747739999917
dist,56,1,4.910510771565413,0.5256400591060917,0.004251500999998825,1.0090960019999784
difusco,56,1,3.3921428153627087,1.6945184793960788,0.000970906999896215,1.0055864009999596
dimes,56,1,7.749269650391533,0.6209399067985011,0.0006433969999761757,1.0042475299999296
attgcn,56,1,5.431495841046652,1.0440614336706844,0.0010017540000717418,1.0055593860000727
gnn,57,1,3.1727069036962208,0.09812109366236221,0.08055756300007033,1.085541443000011
softdist,57,1,4.560462088776807,0.1820012424384565,0.005093722999959027,1.0118330149999792
dist,57,1,5.6334953751669525,0.3577979599180603,0.00532497599999715,1.010473339999976
difusco,57,1,2.4517048761977467,0.54742290390557,0.0008566559999962919,1.0045333760000403
dimes,57,1,5.578840841884358,1.1329117275433953,0.000774890000002415,1.0049082980000321
attgcn,57,1,5.396957697507254,0.6353817988906663,0.001193173999922692,1.0064793199999258
gnn,58,1,4.922837570738103,0.3341023536502563,0.11366867200001707,1.119835156000022
softdist,58,1,4.449898994809476,1.146997763111579,0.004492205000019567,1.0103775069999301
dist,58,1,6.466907196292659,0.674722726837973,0.0042287589999432385,1.0087154870000177
difusco,58,1,1.1190711031924927,0.3207485624250772,0.0007557669999869177,1.0198420149999947
dimes,58,1,5.601948938216328,1.1664877474678592,0.0006394529999624865,1.0066386299999976
attgcn,58,1,6.010425500123562,0.3769668233142065,0.0010896329999923182,1.0052062209999804
gnn,59,1,3.225709516780495,0.42679585943690146,0.08308096199993997,1.0881944499999463
softdist,59,1,4.221428082865053,0.46550014171438114,0.008186510999962593,1.0185881909999353
dist,59,1,4.325691895528294,0.9695190866778836,0.004145241000060196,1.0136438010000575
difusco,59,1,2.443285252055616,0.42013430838008237,0.0007855989999825397,1.0039573750000272
dimes,59,1,4.319041521938205,0.7512070772175194,0.0008937610000430141,1.0075136960000464
attgcn,59,1,4.367151240949885,0.6786495144773141,0.0011468860000150016,1.0056198339999582
gnn,60,1,4.673533093929039,0.500368073761237,0.11337888600007773,1.1234937730000638
softdist,60,1,4.161309215662445,0.5917820527035378,0.0045065770000292105,1.0094341880000002
dist,60,1,3.3850201067071595,0.59845799976459,0.004573009000068851,1.0109280060000856
difusco,60,1,1.7842673072913984,0.452666652201672,0.0008702490000587204,1.0043141300000116
dimes,60,1,4.697399023841897,0.9387574243594488,0.0007312200000342273,1.00461000100006
attgcn,60,1,5.005713289008873,0.6949927843953541,0.0012884320000239313,1.0054287519999434
gnn,61,1,3.3977316132322244,0.35096595274080045,0.07559618799996315,1.079904185999908
softdist,61,1,4.486288219075574,0.8006928369387989,0.004329785999971136,1.0089384319999226
dist,61,1,3.0413351677405442,0.06297634869392166,0.003975831000047947,1.009978005999983
difusco,61,1,0.7620350711886825,0.3581357608137825,0.0008202400000527632,1.0046436590000667
dimes,61,1,5.111222600389231,0.722148933802913,0.0006750759999931688,1.0041203769999356
attgcn,61,1,6.011992349259976,0.6412862195158464,0.0012040720000641159,1.0066621189999978
gnn,62,1,3.548846143184492,0.4270228764178041,0.1231893780000064,1.130610981000018
softdist,62,1,3.8344904101042854,0.3402302031557447,0.004443818000027022,1.0094513809999626
dist,62,1,7.35082952335413,1.1644052019648576,0.004452235000030669,1.0092738230000577
difusco,62,1,3.6048763294321606,0.26312746477576976,0.0007636789999878602,1.0051259489999893
dimes,62,1,5.5695171864889925,1.2934717544272,0.0006825030000072729,1.0057583369999747
attgcn,62,1,4.401874595654487,0.7298057587662887,0.0010900390000188054,1.0051078799999686
gnn,63,1,6.03288194686189,0.2588453513554301,0.09060286999999789,1.0952586559999418
softdist,63,1,4.579329416770306,0.8744038987020586,0.004579608999961238,1.0123991829999568
dist,63,1,4.882683273371824,0.862347464243296,0.004026863000035519,1.008517385999994
difusco,63,1,0.9446657193542096,0.2666884031068406,0.0007800099999712984,1.0054386659999182
dimes,63,1,3.922761808056263,0.39963075402436044,0.0006692179999845393,1.00428543299995
attgcn,63,1,4.291639706323114,0.34029906722374825,0.0012194079999972018,1.0050094050000098
gnn,64,1,3.9895334427548335,0.6232221443043029,0.11960548800004744,1.1251834310000959
softdist,64,1,3.6692733715986803,0.8798030734839424,0.004773507000095378,1.0100715490000312
dist,64,1,4.419099919660474,0.583570256234478,0.004443585999979405,1.0097913319999634
difusco,64,1,1.3389616333965515,0.2148506474068279,0.0007719630000337929,1.0049618550000332
dimes,64,1,5.696900469067989,1.2594503830083426,0.0006790749999936452,1.0044046000000435
attgcn,64,1,5.291709127970434,0.6844468914495083,0.0010609209999756786,1.0050935949999484
gnn,65,1,4.208910136719202,0.3853411610871049,0.09852845399996113,1.1033776509999598
softdist,65,1,4.612626452894841,0.2964475756664253,0.004896136999946066,1.0292809929999294
dist,65,1,5.037820799528769,0.5196705580187144,0.003971112999920479,1.0089987179999298
difusco,65,1,1.8554440232612546,0.4274466816624356,0.0007390800000166564,1.0042324100000997
dimes,65,1,3.5035038847782918,0.3641309131728221,0.0006936620000033145,1.0048303730000043
attgcn,65,1,6.603827924862449,0.6805765599705804,0.001028608000069653,1.0053545470000245
gnn,66,1,3.7109196850052317,0.27616476615450747,0.12512527399996998,1.1322859350000272
softdist,66,1,3.557731761000271,0.33395288340014595,0.004311546000053568,1.0094081380000262
dist,66,1,3.33373232241414,0.4962474276620332,0.003951811000092675,1.008377515999996
difusco,66,1,1.576246285680294,0.2071402246567322,0.0007780160000265823,1.006171376999987
dimes,66,1,5.116405461597129,0.7168034846441129,0.0006954799999903116,1.0047475430000077
attgcn,66,1,4.481542812944395,0.18386012992841483,0.001051428999971904,1.0049009269999942
gnn,67,1,4.491013867412463,0.25496036399834665,0.09255254599997897,1.0973256940000056
softdist,67,1,4.5060697153335605,0.7086172659975576,0.004302664999954686,1.0094745659999944
dist,67,1,3.3740579378836344,0.3577449945568745,0.003939803000093889,1.0113439570000082
difusco,67,1,3.1212401614286955,0.175174264698863,0.0008389189999888913,1.0043044400000554
dimes,67,1,5.482696851808888,1.4714650563895315,0.0006888340000159587,1.0039622660000305
attgcn,67,1,6.977233287934359,1.1749553880378016,0.0009844630000088728,1.006682521000016
gnn,68,1,3.321576969074558,0.2222476068046264,0.11029896899992764,1.1155608219999067
softdist,68,1,4.280425024356349,0.6079388177133049,0.004542957000012393,1.0096321800000396
dist,68,1,3.973121678520375,0.7634617747360073,0.0038863869999659073,1.0084680379999327
difusco,68,1,1.3800331136621047,0.2986193383791802,0.0008429389999946579,1.0044242679999797
dimes,68,1,4.783235862998514,1.4741567192467775,0.0006830279999121558,1.0096326309999313
attgcn,68,1,6.239312710325917,0.9972426620703523,0.000981080999963524,1.0060004969999454
gnn,69,1,3.919989099990029,0.5604640784360626,0.07565080400001989,1.0802527680000367
softdist,69,1,4.611564206484653,0.4822639177164634,0.0049798129999771845,1.0109121709999727
dist,69,1,5.001414340143073,0.8147315891411377,0.005714469000054123,1.0131226440000773
difusco,69,1,2.135495352011718,0.6197804488360159,0.0007738780000181578,1.0040260199999693
dimes,69,1,3.8339551972807584,0.30387175982322656,0.0006831150000152775,1.0052725680000094
attgcn,69,1,4.370633126559009,0.2600840176402164,0.0010291859999824737,1.0053796849999799
gnn,70,1,4.7027147297449945,0.6731801013504013,0.117297092000058,1.1231755239999757
softdist,70,1,3.445274035684709,0.8562765312608356,0.004331342999989829,1.0094871239999748
dist,70,1,4.115191500923565,0.7970878444564011,0.0038776729999199233,1.0102241289999938
difusco,70,1,2.9410980377841955,0.8735858738446067,0.0007619510000722585,1.00442177299999
dimes,70,1,7.033729080712914,0.42881351405119617,0.0008101829999986876,1.0056967609999674
attgcn,70,1,9.044753509279824,0.5722783192443348,0.0013186109999878681,1.0054286619999857
gnn,71,1,5.273457833273287,0.5732466821047444,0.11177703399994243,1.1171955539999772
softdist,71,1,5.157557118822087,0.6144893095070714,0.0045706500000051165,1.0092365750000454
dist,71,1,3.7315849282454128,0.6015705328987764,0.004389314000036393,1.0093722770000113
difusco,71,1,0.9664474639633269,0.35852070227320176,0.0007877599999801532,1.0160291339999503
dimes,71,1,4.917460356359538,0.9660181875405405,0.0007776639999974577,1.005059124000013
attgcn,71,1,3.393456990736965,0.4146706846110293,0.001413603000059993,1.0071718599999713
gnn,72,1,3.276335261686425,0.30568861821389515,0.13131187499993757,1.1386791349999612
softdist,72,1,5.963307925625716,0.6334197895885074,0.0062378029999763385,1.0219960849999552
dist,72,1,3.7343246924653295,0.2060171868300653,0.004419282999947427,1.0094532470000104
difusco,72,1,0.9788159913685979,0.4635209315378752,0.000841560999901958,1.0057578099999773
dimes,72,1,5.705468877027631,0.5984027542226489,0.0009174419999453676,1.0064525819999517
attgcn,72,1,3.98701316983634,0.24064397444454322,0.0010282890000326006,1.0051692709999998
gnn,73,1,4.117843877091931,0.9075247092261929,0.07778276399994866,1.082764640999926
softdist,73,1,5.488845557350719,0.6144182502751505,0.004470335999940289,1.009440177999977
dist,73,1,4.278223423755878,0.8016264627353831,0.005404870000006667,1.0118349710000984
difusco,73,1,2.5197793056906725,0.48310260902471036,0.0007246870000017225,1.0039362490000485
dimes,73,1,3.9490669962898073,0.5355277861731178,0.0006426700000474739,1.0045371969999906
attgcn,73,1,6.5733455050607015,1.0179057823530568,0.0010434399999894595,1.00538063099998
gnn,74,1,3.847149534459482,0.354476703240203,0.12150331999998798,1.1281086860000187
softdist,74,1,4.548295046366246,0.7860481857872914,0.00417555599995012,1.0088238240000464
dist,74,1,4.9069337913000055,0.5240946031726867,0.0038476160000300297,1.00900366999997
difusco,74,1,2.3842846618959523,0.22472418755219437,0.0009724640000285945,1.0046461179999824
dimes,74,1,6.283524103908933,0.778866424175173,0.0008055990000457314,1.007421243000067
attgcn,74,1,5.401142180541063,0.8920596446687856,0.0010800380000546284,1.0054074460000493
gnn,75,1,4.252502396690816,0.3773793530413405,0.07927008599995133,1.0838642799999434
softdist,75,1,6.397140907287202,0.9883318188695034,0.004507006000039837,1.009286244000009
dist,75,1,3.5826133063174392,0.7189578861313439,0.004239497999947162,1.0097637940000368
difusco,75,1,1.2036354579469277,0.8389211068892344,0.0008537759999853733,1.0051154400000542
dimes,75,1,5.483041931712207,0.7936035656716856,0.0007542470000316825,1.0048941950000199
attgcn,75,1,4.481250578388907,0.5499219028512803,0.0011226739999301572,1.0060789509999495
gnn,76,1,4.209167120748858,0.12180466095588205,0.14030407400002787,1.1491059410000162
softdist,76,1,4.690933377142437,0.7831817634912364,0.004731888000037543,1.0097804389999965
dist,76,1,3.9229862339585697,0.5625966548880923,0.004355056000008517,1.0090768960000105
difusco,76,1,2.509462979705801,0.7323954576342828,0.0008677999999235908,1.005470872999922
dimes,76,1,4.4051311692145045,0.5928899353989214,0.0007440040000119552,1.0047489440000845
attgcn,76,1,6.386618428753943,0.44363066596904144,0.0013621330000432863,1.0059071030000268
gnn,77,1,3.8628522633335383,0.11561101825612319,0.11556859100005568,1.120927646000041
softdist,77,1,3.325047458846986,0.5608879020620572,0.005767859999991742,1.013684689999991
dist,77,1,3.309697913258902,0.4078690453949374,0.004290778000040518,1.0097369880000997
difusco,77,1,2.8247140302403384,0.6591655621739356,0.000985749000051328,1.0051678639999864
dimes,77,1,6.193187684678625,0.4622827250296613,0.0007219720000648522,1.004545214000018
attgcn,77,1,4.241577428358179,0.3925168489911979,0.0010530749999588807,1.0049242420000155
gnn,78,1,5.1308498716666096,0.47902713390615137,0.11351613099998303,1.1290780350000205
softdist,78,1,4.373030458450877,1.3377601032378061,0.004388846999972884,1.0211553589999767
dist,78,1,4.496697288356266,0.6739576834807526,0.003952247000029274,1.0087143399999832
difusco,78,1,0.9742819762541544,0.666061103075366,0.0007690119999779199,1.0046888539999372
dimes,78,1,5.100252791264559,0.7724872593591448,0.0008124990000624166,1.0058307520000653
attgcn,78,1,4.8932980880606936,0.9890338235134744,0.0013084749999734413,1.006143290999944
gnn,79,1,4.177566947072453,0.8979141648162825,0.07766218300002947,1.083031693999942
softdist,79,1,4.160264315111695,0.3662874525233839,0.004497997000044052,1.0092435110000224
dist,79,1,7.625396492396663,0.9225701160903599,0.004063627000050474,1.0100759100000687
difusco,79,1,1.995761169108734,0.41143498210314267,0.0007761540000501554,1.0045461810000234
dimes,79,1,4.471567473810589,1.9964473857398524,0.0007361739999396377,1.004595107
attgcn,79,1,7.271442773796277,0.6326830575939857,0.0010281229999691277,1.005094354999983
gnn,80,1,4.3930919772589005,0.12351177464204888,0.11527200199998333,1.120373056999938
softdist,80,1,5.404501930109196,0.8476006333739905,0.004571493000071314,1.0099295910000592
dist,80,1,3.6084129739519355,0.9276738773517978,0.004096732999983033,1.0088098809999337
difusco,80,1,2.891683468554529,0.5582765597979877,0.0007575299999871277,1.0039816219999693
dimes,80,1,5.830127250572015,0.7202483041901075,0.0006780229999776566,1.0068289739999727
attgcn,80,1,5.984930771257613,0.701710967337843,0.0010972250000804706,1.0047415720000572
gnn,81,1,3.5547863445658967,0.47400174095855174,0.08655378399998881,1.09184699299999
softdist,81,1,6.7692778775906515,0.8505343814681376,0.004288255000005847,1.0168615479999517
dist,81,1,7.448163658753804,0.9669786648609735,0.004309376000037446,1.0095386690001078
difusco,81,1,2.902631426916491,0.48210304840423657,0.0007383180000033462,1.004206763999946
dimes,81,1,3.812430769998465,0.5423553533502323,0.0007907140000043,1.0045975599999792
attgcn,81,1,5.760517683802302,0.7015240773315279,0.001132912999992186,1.0078157980000242
gnn,82,1,3.0709794691232695,0.5654183064935703,0.10862072099996567,1.1145172770000045
softdist,82,1,6.009767347844908,0.5863863892552557,0.004153261999931601,1.010583980999968
dist,82,1,4.173646893066008,0.8866494909948619,0.0038684069999135318,1.010251976999939
difusco,82,1,1.7978343192051938,0.3205240842371504,0.0009092740000369304,1.0044892650000747
dimes,82,1,6.094572906518336,1.685477128453905,0.0006505909999532378,1.0043259499999522
attgcn,82,1,7.275643084799732,0.3363468563887029,0.001072582999995575,1.0052493729999696
gnn,83,1,4.961720777545553,0.6442159857176222,0.0788518379999914,1.083470547999923
softdist,83,1,3.564974902243856,0.31369309636113396,0.004516120000062074,1.0089644900000394
dist,83,1,5.965911240430621,0.5761806498284061,0.0038112829998908637,1.0085850119999122
difusco,83,1,2.5835035522060013,0.26242785127141843,0.000770786999964912,1.0044995150000204
dimes,83,1,5.974646938783867,0.8992025332006826,0.0007081469999548062,1.004183710999996
attgcn,83,1,4.11673821862697,1.0876648770001385,0.0010774520000040866,1.005238204999955
gnn,84,1,3.3416947468236424,1.0733939520994218,0.1313850609999463,1.1370641419999856
softdist,84,1,6.30306367801432,1.4833403596898442,0.004795261000026585,1.0097527110000328
dist,84,1,4.777466967289445,0.18360336752039075,0.004439230000002681,1.0214758569999276
difusco,84,1,1.4798179956146962,0.6091510462149508,0.0008112640000490501,1.0078596609999977
dimes,84,1,5.114258770584046,0.712022972062476,0.0007327869999471659,1.0042132889999493
attgcn,84,1,5.319349795796224,0.49130209861576457,0.0009935949999544391,1.0047261170000183
gnn,85,1,2.749111463711351,0.22962771383814307,0.12688657700005024,1.1324799060000714
softdist,85,1,4.780932377217972,0.6843663392558597,0.004693566000014471,1.0107621690000315
dist,85,1,4.305724328902905,0.6709304554531892,0.003834435000044323,1.0106251770000654
difusco,85,1,1.5241418865502787,0.18218983309359338,0.0007931029999781458,1.005246184999919
dimes,85,1,6.13106248691786,0.5175775088019696,0.0006817199999886725,1.004792885000029
attgcn,85,1,4.931277288669378,1.212001219358072,0.0010510580000300251,1.0048570659999996
gnn,86,1,5.171930445264072,1.280943328005213,0.15260004300000674,1.1593501620000097
softdist,86,1,4.963981205596846,1.1611702369388688,0.0043803170000273894,1.009901044000003
dist,86,1,5.188736174449082,0.6633356801822199,0.004104707999999846,1.0092911260001074
difusco,86,1,1.0108458753010696,0.4443784295301789,0.000747864999993908,1.00460796699997
dimes,86,1,5.526800626984429,1.3517766376205609,0.000812171000006856,1.0081700690000162
attgcn,86,1,4.068274308479336,0.5048094742513776,0.0010085140000910542,1.0051633340000308
gnn,87,1,5.065278073602175,1.3089589010421676,0.07794180700000197,1.0827368070000603
softdist,87,1,4.4927062080994284,0.14730078937699176,0.004506843999934063,1.0087543820000064
dist,87,1,6.088857039422413,1.217157893816001,0.004538562999982787,1.010093060000031
difusco,87,1,1.8402265447152066,0.6159757463054971,0.0008295330000009926,1.0048407489999818
dimes,87,1,4.285357947963608,1.6791094598929357,0.0006511180000643435,1.0041902579999942
attgcn,87,1,5.608496806324559,0.5255804455030155,0.0010670240000081321,1.0077869720000763
gnn,88,1,3.9045125898987454,0.48453928704221827,0.11269043599997985,1.1174914410000838
softdist,88,1,3.6319588889422993,0.7575507962562789,0.004707193999934134,1.0090558480000027
dist,88,1,3.4432282012482274,1.0021388573773882,0.004478861999928085,1.00982959199996
difusco,88,1,1.4749433262381428,0.5417283700980935,0.000881853000009869,1.0047105380000403
dimes,88,1,6.668557345975423,0.9947399322581596,0.0007920939999621623,1.0066329730000234
attgcn,88,1,4.9919683402929405,0.7279222336027846,0.001092361000019082,1.005326779000029
gnn,89,1,3.6042310562198754,0.13703664864233023,0.08109575799994673,1.089758727000003
softdist,89,1,5.591992212256813,0.5142809523262626,0.004625065000027462,1.0236818470000344
dist,89,1,3.74935732006485,0.832040452476468,0.003914938000093571,1.0084636480000881
difusco,89,1,1.5018412991359087,0.2011107227816611,0.0007393000000774919,1.003854330000081
dimes,89,1,6.0110456790407385,1.1002605612420613,0.0007195729999693867,1.008766831999992
attgcn,89,1,5.145734829253201,1.1711128759456901,0.0010939589999452437,1.0054417579999608
gnn,90,1,3.619051898272918,0.48799872179794423,0.1295700460000262,1.1358631479999985
softdist,90,1,6.069655196382429,0.46985945134123686,0.0042398349999075435,1.0117190119999577
dist,90,1,5.422943419326565,0.4106715644193182,0.006321329999991576,1.0136401049999222
difusco,90,1,2.3905934570528364,0.28141430831329917,0.0007994769999868367,1.005187869999986
dimes,90,1,5.851878686642653,0.5163789059586144,0.0008742390000406886,1.0057755910000878
attgcn,90,1,5.73134639191073,0.5929319851714743,0.001119325999979992,1.0078675910000356
gnn,91,1,4.778469083257697,0.7228349178215021,0.10754203199996937,1.113276748999965
softdist,91,1,6.005018688510622,0.6443961374287488,0.0048744470000201545,1.0109729519999746
dist,91,1,4.457840200915997,0.8155040392268775,0.0038949129999537035,1.0091873200000236
difusco,91,1,1.4545749887180381,0.25453956789298626,0.0008383780000258412,1.0043644879999647
dimes,91,1,5.520621160261596,0.5635926658957846,0.0006935010000006514,1.004612664000092
attgcn,91,1,4.796110976681556,0.7233481999523672,0.0011252169999806938,1.005389968999907
gnn,92,1,4.326607536426663,0.41876980170632017,0.10672409599999355,1.1123052970000344
softdist,92,1,4.336919302471087,0.5053684715982554,0.00450391899994429,1.0092306949999283
dist,92,1,4.186186590237928,0.44637619036869136,0.004065298999989864,1.0164448570000104
difusco,92,1,4.06136845192322,0.7305252661251371,0.0007892360000596454,1.008566621
dimes,92,1,6.5466355523429165,1.1233165320801763,0.0006593269999939366,1.0048430169999847
attgcn,92,1,4.398337366326643,0.5592006837648489,0.001085631000023568,1.0050039150000885
gnn,93,1,3.5521249271148525,0.3173633872725068,0.10371153100004449,1.1114170480000212
softdist,93,1,5.340931586817632,0.6590551366077113,0.0047142229999508345,1.0096425899999986
dist,93,1,5.379491788226343,0.9185436897049426,0.003808972999991056,1.0089251030000241
difusco,93,1,2.7982041222938348,0.8219950816759747,0.000782238000056168,1.0042437120000614
dimes,93,1,5.9144012199234375,1.220677880098897,0.0006836930000417851,1.0043825589999642
attgcn,93,1,3.101380292981415,0.38600555793677493,0.0010680180000690598,1.0051154359999828
gnn,94,1,3.959041898383764,0.5231961717522493,0.11740200300005199,1.1241211600000725
softdist,94,1,3.7695431502199117,0.00591233239011224,0.00420742199992219,1.0087213689999999
dist,94,1,3.182399082409826,0.9190446109852868,0.0038347440000734423,1.0083600220000335
difusco,94,1,2.2019832503147985,0.6807886133922469,0.0008214150000185327,1.0043431560000045
dimes,94,1,4.99680433557812,1.4780814099630613,0.0006469689999448747,1.0043719440000132
attgcn,94,1,4.176342311986403,1.0654209702580797,0.0010866479999549483,1.0065477439999313
gnn,95,1,3.0450796056825657,0.1491052162006179,0.11652469299997392,1.1216442449999704
softdist,95,1,4.961596844964311,0.6638275205539168,0.004799109000032331,1.0104596520000086
dist,95,1,3.854357909015116,1.0045295196219994,0.004744479999999385,1.0092047070000945
difusco,95,1,2.4344935494668762,0.5167549143017425,0.0010441350000292005,1.005579838000017
dimes,95,1,3.843984226907615,0.869666172717154,0.0007638660000566233,1.0059615110000095
attgcn,95,1,7.870981533465349,0.44991236130518253,0.0011424059999853853,1.006482756999958
gnn,96,1,4.133670949404822,0.5338224154586513,0.12119642700008626,1.1264725900000485
softdist,96,1,4.245685496618412,0.49524404360992147,0.004769311000018206,1.010380472999941
dist,96,1,4.4193201427534134,1.0316010062481062,0.003862419000029149,1.009762677000026
difusco,96,1,1.3203025674873414,0.5457956332130198,0.0008712950000244746,1.004084417999934
dimes,96,1,3.9045196360661727,0.8648836099764523,0.0007336039999472632,1.004666704999977
attgcn,96,1,3.4887437219253803,0.9043619003794356,0.0011012490000439357,1.0049629879999884
gnn,97,1,3.2658123066112266,0.6019153763588747,0.07746260099997926,1.0824288019999813
softdist,97,1,5.532095919683799,1.095095786914202,0.004184532999943258,1.0095220969999446
dist,97,1,3.071168217171838,0.8519048417064079,0.004012666999983594,1.0087773320000224
difusco,97,1,1.6659968439386663,0.7299121039008316,0.000757242999952723,1.0040527799999381
dimes,97,1,4.266725446652031,0.825328099139333,0.0006990310000674071,1.0054299010000705
attgcn,97,1,5.014976710161667,0.661512236842321,0.0011311559999285237,1.005189353999981
gnn,98,1,3.644511594314981,0.3047827551020843,0.12406954699997641,1.1320274789999303
softdist,98,1,4.961845477615379,1.098917382321929,0.004845256000066911,1.0100117590000082
dist,98,1,3.932634095422949,0.4736552898205737,0.0039010460000099556,1.0108662290000439
difusco,98,1,0.9392567178835076,0.041244356561698226,0.0007974259999627975,1.006006192999962
dimes,98,1,7.087952609544912,1.5720273586017353,0.0007341069999711181,1.0047975429999951
attgcn,98,1,5.352362151433465,1.117110060105575,0.0018083029999615974,1.007959405000065
gnn,99,1,5.025292487283206,1.017436480959777,0.10069350699995994,1.105481822999991
softdist,99,1,5.705215439832023,0.3967799661041882,0.004616781999970954,1.00961013299991
dist,99,1,7.235767381311353,0.5531306616524345,0.004129433999992216,1.0141473630000064
difusco,99,1,1.19351696184824,0.38078177008877834,0.000801956000032078,1.0047853050000413
dimes,99,1,4.576197424265427,0.7906584559064234,0.0007003429999485888,1.0047290659999817
attgcn,99,1,4.559528835973903,0.5690613859849147,0.0010614679999889631,1.0052080329999171
gnn,100,1,5.1913696768187245,0.7271784395914471,0.15269311299994115,1.158255304000022
softdist,100,1,3.619653902501363,0.6623965174171742,0.0054560649999757516,1.0113950950000117
dist,100,1,4.105832930595921,1.1231402211250074,0.004066431000069315,1.0089335789999723
difusco,100,1,3.1414722308992005,0.9380072064379519,0.0008257210000692794,1.006992852000053
dimes,100,1,5.898052626957839,1.5287890678934657,0.0007374360000085289,1.0047791990000405
attgcn,100,1,4.331215963235091,0.48045727400694016,0.0009802980000586103,1.0047988110000006
gnn,101,1,3.0041736037581313,0.5561471097777382,0.12178207499994187,1.127199406999921
softdist,101,1,3.7567059067802333,0.5035391249613497,0.005284984000013537,1.0114801080000007
dist,101,1,3.7445915831394894,0.5638828932160278,0.004221998000048188,1.0086596779999581
difusco,101,1,3.497762456199638,0.7249094216214447,0.0012167680000629844,1.0053865910000468
dimes,101,1,5.354878151215514,0.6230609950017563,0.0006918480000877025,1.0045405170000095
attgcn,101,1,4.443245008910357,0.8221435020398848,0.0010145210000018778,1.0053450520000524
gnn,102,1,3.0444746154868696,0.30019529595006755,0.13276609199999712,1.1389554069999122
softdist,102,1,3.3738759438733057,0.25150372796434173,0.004768416000047182,1.0105492789999744
dist,102,1,4.960702307489906,0.9005890928732718,0.003921242000046732,1.0092635569999402
difusco,102,1,2.9847308338667,0.8260748757266789,0.0008643139999549021,1.0046565619999228
dimes,102,1,5.092947576369555,0.5286453269334856,0.0006534120000196708,1.0045376519999536
attgcn,102,1,5.5046422887848445,0.7830174160853964,0.0011463120000598792,1.0055747989999873
gnn,103,1,3.3388308815492707,0.24290626361889167,0.07515259899992088,1.0793099459999667
softdist,103,1,4.541807221534455,0.3435769655177445,0.004426656000077855,1.0139437830000588
dist,103,1,4.345994835695333,0.24749479304844169,0.003993786000023647,1.009659514999953
difusco,103,1,2.284884259635489,0.5086105949161812,0.000742037000009077,1.0044982460000256
dimes,103,1,4.572706769408708,0.7239203790188942,0.0009797299999263487,1.0068160810000109
attgcn,103,1,7.8236245505962865,1.8251853093077974,0.0011132380000162811,1.0056422259999636
gnn,104,1,3.240170292332478,0.42881495615030296,0.13178045900008328,1.1372200000000703
softdist,104,1,5.1358130338340136,0.8908386276131663,0.008768927999994958,1.0138066959999605
dist,104,1,5.357317950203044,0.6456575226293282,0.004079655000055027,1.0086944849999782
difusco,104,1,2.4993551338243325,0.24586842064051595,0.0007668269998930555,1.003946295999981
dimes,104,1,5.790047292052614,1.0258101407171871,0.0006401370000048701,1.0048180569999658
attgcn,104,1,4.795474879414674,0.621959277671702,0.0009856990000116639,1.0047163770000225
gnn,105,1,5.397689470573952,0.530327348777182,0.1117534349999687,1.1167690269999184
softdist,105,1,8.0425446274748,1.2121711225838272,0.004287310999984584,1.0089216589999523
dist,105,1,4.452596095804129,1.081920471668596,0.0048504139999749896,1.0105359489999728
difusco,105,1,2.2211967005132616,0.7918839654972532,0.0008174749999625419,1.0065897810000024
dimes,105,1,4.349498970168875,0.43086081779035723,0.0006682450000425888,1.003989084000068
attgcn,105,1,5.6823916870507585,1.0829999176989347,0.0009984450000501965,1.0055152800000542
gnn,106,1,5.031511937464539,0.9911708086100646,0.1402139580000039,1.146043551000048
softdist,106,1,5.051649902020805,0.4424744374033507,0.004342758000007052,1.008927784999969
dist,106,1,5.872664394260174,1.3622384343188632,0.003960672000062004,1.008734474999983
difusco,106,1,1.6694822347360416,0.4180101514372314,0.0007860590000063894,1.0049744089999422
dimes,106,1,4.780136067246188,0.7957964395510331,0.0007023160000017015,1.0053713969999762
attgcn,106,1,5.783806063395436,1.3406765562688827,0.001075878000051489,1.005002074999993
gnn,107,1,3.5441501154781063,0.43899987220630265,0.07909526299999925,1.0838964170000054
softdist,107,1,3.6357773590390385,0.6972672247461009,0.004417688000103226,1.0090269910000416
dist,107,1,5.175114501729783,0.6942003147163867,0.004784113000027901,1.0098036919999913
difusco,107,1,3.8048383106687345,0.48667518333824766,0.000780722999934369,1.0059213199999704
dimes,107,1,4.84240435368648,0.904084154182172,0.0006900209999685103,1.0043769909999583
attgcn,107,1,4.258452657413225,0.5419239196923886,0.0009906770000043252,1.0046396150000874
gnn,108,1,5.17678248232285,0.9863307521073894,0.11677790399994592,1.1228260780000028
softdist,108,1,3.4715733264156556,0.515518410160043,0.004765871000017796,1.0092327920000344
dist,108,1,4.306992643586405,0.8021010153418606,0.004824331000008897,1.0100774720000345
difusco,108,1,0.7427105133206435,0.29047862802673574,0.0008095099999536615,1.0044962839999698
dimes,108,1,5.804817489185754,0.5773831712680533,0.0006544730000541676,1.0044804660000182
attgcn,108,1,5.227386942716095,0.6336922082901708,0.0009749270000156685,1.0046806719999495
gnn,109,1,5.419121994156173,0.7937285341402367,0.07988045499996588,1.085041144999991
softdist,109,1,4.3544762340163246,0.4006316062210802,0.004501108000113163,1.008993204000035
dist,109,1,5.44875842498469,0.12384665883733437,0.00431527399996412,1.0095083069999191
difusco,109,1,2.814701511322726,0.6315974849895101,0.0007641040000407884,1.0048217749999822
dimes,109,1,7.278383420443646,1.4748768921574174,0.0007824279999795181,1.0048002419999875
attgcn,109,1,4.857560421575746,1.4560558037963522,0.001013019999959397,1.005181418999996
gnn,110,1,4.307383581202395,0.6394547450906618,0.11926157099992452,1.127593850999915
softdist,110,1,4.371561609271146,0.8387650617130094,0.004167122000012569,1.009235665999995
dist,110,1,5.817175882816095,0.45505179129721185,0.003828086999988045,1.0086620199999743
difusco,110,1,1.298694674708778,0.8994689854944671,0.0007572050000135278,1.0045927429999892
dimes,110,1,5.732300500256593,0.5353911830139335,0.000759523000056106,1.004483364000066
attgcn,110,1,7.81157926677627,1.527784933634635,0.0010842199999387958,1.0049111399999902
gnn,111,1,4.009367051375956,0.5373077019564798,0.08948113700000704,1.0946609620000345
softdist,111,1,3.8862684960484506,0.8040875215255872,0.004508805000000393,1.0089898530000028
dist,111,1,4.069037638497486,0.17040751882853034,0.004058240999938789,1.008861842999977
difusco,111,1,3.484926298059743,0.5403810092292849,0.0007571039999447748,1.0046086689999356
dimes,111,1,3.3926091291179183,0.37862939161688036,0.0007052409999914744,1.004419549999966
attgcn,111,1,5.208335600846681,0.41703102012864424,0.0010465909999766154,1.0077736179999874
gnn,112,1,4.090239838431797,0.7229982505317922,0.1108298350000041,1.1160606339999504
softdist,112,1,4.3179200733474365,1.0763283912597066,0.0042932740000196645,1.0089435430001004
dist,112,1,4.804644264209879,1.1909948177207141,0.003876376999983222,1.0088788680000107
difusco,112,1,3.783786501259989,0.6332382884689736,0.0008118499999909545,1.0044990689999622
dimes,112,1,4.146078643228979,0.9720547764044074,0.0006959319999850777,1.0049268629999233
attgcn,112,1,5.838470244681582,0.8257199254801506,0.001010361999988163,1.0051095310000164
gnn,113,1,4.25991248903268,0.47507463995388743,0.08130340799993974,1.086358267000037
softdist,113,1,2.723093476961558,0.3146984595769675,0.004293389000054049,1.0093749240000989
dist,113,1,4.463502367492533,0.273640395591368,0.004259237000042049,1.0094835180000246
difusco,113,1,1.7243625129165885,0.2529272085596945,0.0007833019999452517,1.0047231620000048
dimes,113,1,4.793094028277944,0.7355277663428472,0.0007256830000414993,1.0055426540000099
attgcn,113,1,2.7140162500158604,0.3677956917180092,0.0011022050000519812,1.0051886580000655
gnn,114,1,3.0944831660387973,0.3442884736182483,0.11405476300001283,1.1226774510000723
softdist,114,1,4.216279424290148,1.0068909183034158,0.004811286999938602,1.0102041540000073
dist,114,1,4.948083391198854,0.5761627881589293,0.008693878000030963,1.0142757790000587
difusco,114,1,0.5383749925180314,0.39124849357734526,0.0008872470000369503,1.0043220979999887
dimes,114,1,5.319953062061122,0.3985842511772697,0.0011802510000507027,1.0075311460000194
attgcn,114,1,2.9608474588895817,0.7886318324044739,0.001159248000021762,1.0051733130000002
gnn,115,1,3.7853489405569096,0.17437056955607044,0.14805696099995203,1.1579277959999672
softdist,115,1,4.053435216883194,0.5344056088455895,0.004800916000021971,1.0102589699999953
dist,115,1,4.223224364762612,0.21666481348920907,0.004758102999971925,1.011786739999934
difusco,115,1,1.8156327010593332,0.6351418014861165,0.0008727519999638389,1.0044900829999506
dimes,115,1,3.9790596571613435,1.011588462791324,0.000734487000045192,1.0049636480000572
attgcn,115,1,4.481817688163381,0.6205447242981554,0.0012029560000428319,1.0098140000000058
gnn,116,1,4.722897708050255,0.4421659514185716,0.1556998979999662,1.161455832999991
softdist,116,1,6.003531899317016,0.3536513912910433,0.004680609000047298,1.0100727370000868
dist,116,1,6.318474423199838,0.9405524934486653,0.004182459000048766,1.009250550000047
difusco,116,1,2.0502872690989937,0.5256247792569724,0.0008726020000722201,1.004503770000042
dimes,116,1,6.558332360726027,0.5460601052207803,0.0009165289999373272,1.0073793039999828
attgcn,116,1,4.947783553058538,0.605926016265701,0.0010419630000342295,1.0047638519999964
gnn,117,1,3.5485225406758802,0.09434130807566277,0.08934948299997814,1.096031888000084
softdist,117,1,4.224640166262783,0.8088173547160071,0.00437486999999237,1.009013849999974
dist,117,1,5.442586772533908,0.8908321290881593,0.00414181999997254,1.0095201450000104
difusco,117,1,1.1682252115435388,0.4341446104802804,0.0007803810000268641,1.0055539290000297
dimes,117,1,4.3368737563802995,0.7704455192626192,0.0006474779999052771,1.0042896019999716
attgcn,117,1,5.385188751204151,0.89919180871747,0.0010249660000454242,1.0048556600000893
gnn,118,1,3.5672732554914433,0.052138383797872834,0.10673549599994203,1.11214143899997
softdist,118,1,5.263204802774357,0.446687126909473,0.0043399669999644175,1.0089583099999118
dist,118,1,4.831484837582711,0.7218289227206354,0.003877317000046787,1.0091388380000126
difusco,118,1,0.15696467028503136,0.11465163592525585,0.0008123669999804406,1.00551894299997
dimes,118,1,4.341493346953507,0.504352966765631,0.0006938870000112729,1.0047950099999525
attgcn,118,1,4.805947566562185,1.065013257116565,0.0010081959999297396,1.0051645789999384
gnn,119,1,3.5903117988285826,0.1390540751307512,0.08169217700003628,1.0866422280000734
softdist,119,1,5.195609337366425,0.2303576351881942,0.004244717999995373,1.0096013380000386
dist,119,1,4.806317087166256,0.9227416534146382,0.003905959000007897,1.0083999720000065
difusco,119,1,1.6771310832321973,0.4934500001997355,0.0007661619999907998,1.0039745530000346
dimes,119,1,3.84492215299137,0.9520081903941602,0.0007295859999203458,1.0044533789999832
attgcn,119,1,4.59381347330754,0.2778308088235537,0.0011138459999529005,1.0064475980000225
gnn,120,1,2.153013387996028,0.33906674471353426,0.1113222679999808,1.1162648230000514
softdist,120,1,3.7692898828204813,0.5776102199540389,0.0044163329999946654,1.010687159999975
dist,120,1,3.3376907861190297,0.5672458516300383,0.003960247000009076,1.0087176929999941
difusco,120,1,1.9557428524844767,0.22942355985007268,0.0007631480000327429,1.0070548070000314
dimes,120,1,6.429171005880208,1.4619836114954543,0.0007474249999859239,1.0046923029999562
attgcn,120,1,5.541374731025228,1.0356010516846759,0.0012098150000383612,1.0057993290000695
gnn,121,1,3.0590955896091065,0.45533161491704277,0.14601416300001802,1.152990157999966
softdist,121,1,5.420589534748976,0.650793514514092,0.004607133000035901,1.010641934999967
dist,121,1,3.820283920813594,0.47755545808412236,0.003966133999938393,1.008308100000022
difusco,121,1,2.0796703489881496,0.4960920821263093,0.0007837379999955374,1.004229419000012
dimes,121,1,6.992124538363886,0.7830146751462541,0.0006996339999432166,1.0058740150000176
attgcn,121,1,6.123584943589133,0.9278386682736173,0.0011349659999950745,1.011099776999913
gnn,122,1,3.6324873170654692,0.813942377184329,0.1271878979999883,1.1422907899999473
softdist,122,1,3.8804627345213616,0.25489596516812263,0.004726422999965507,1.0092161879999821
dist,122,1,6.380799089880496,1.7368530391296044,0.003823317999945175,1.008799587999988
difusco,122,1,0.7348720959522881,0.2072967119062019,0.0027954810000210273,1.0060581810000713
dimes,122,1,4.834869656875251,1.0346022501761087,0.0006723139999849082,1.0043975400000136
attgcn,122,1,5.990156644379785,0.8690890692952369,0.0011355600000797494,1.006161493000036
gnn,123,1,3.8579237309620984,0.45221248311013706,0.0774402460000374,1.0821618049999415
softdist,123,1,4.663739126986788,0.5955254873039717,0.004383684000003996,1.0093673059999446
dist,123,1,5.540766134327169,0.9964129167914892,0.003970129999970595,1.008573035999916
difusco,123,1,3.0217021191041304,0.474566837966961,0.0008020159999659882,1.0068000349999693
dimes,123,1,5.131376003200949,0.5237706396996611,0.0006697549999898911,1.0044472250000354
attgcn,123,1,6.271579643259573,1.010472394163986,0.0010078970000222398,1.0048905410000089
gnn,124,1,4.251030727629557,0.360006883341879,0.10812869200003661,1.1139390710000043
softdist,124,1,4.921048127135252,0.7802048394371486,0.004274787000099423,1.0087866090000261
dist,124,1,3.404558613936004,0.47180577781114064,0.0038109849999727885,1.0086188930000617
difusco,124,1,2.5060082902043757,0.6288108239629331,0.0007908349999752318,1.0040894039999557
dimes,124,1,4.0745874308911745,0.6763659871213301,0.0007163300000456729,1.0056250600000567
attgcn,124,1,3.6749486485277316,0.5957951470309641,0.0010038420000455517,1.0048592760000474
gnn,125,1,4.060849689395196,0.22471601939562103,0.07865743799993652,1.0833670519999714
softdist,125,1,4.340839688304454,0.2719259111063632,0.004422842000053606,1.0098211580000225
dist,125,1,5.180672540785158,0.5320306789028395,0.005487167999945086,1.011534385999994
difusco,125,1,1.2697360083064213,0.6120573644857741,0.0008087290000275971,1.0040444459999662
dimes,125,1,3.82221248229504,0.8344738655234663,0.0006798599999910948,1.0047112620000007
attgcn,125,1,6.301850885847893,0.8523058394555028,0.0009972880000077566,1.005491801000062
gnn,126,1,2.578383929035688,0.1598103434671927,0.11276635499996246,1.1183461219999344
softdist,126,1,3.214002030494112,0.31130089798012683,0.00838259099998595,1.013402021999923
dist,126,1,3.7687955265360173,0.25820775283049713,0.003955937999990056,1.0086055099999385
difusco,126,1,1.206984410546874,0.46787524925779866,0.0007630939999216935,1.0072982199999387
dimes,126,1,4.5647209562710955,0.4328616794153639,0.000719945000014377,1.004474866999999
attgcn,126,1,4.701091234740562,0.3468640881391316,0.001026630999945155,1.005226873999959
gnn,127,1,4.043097503853033,0.695148748315777,0.1129870890000575,1.1179830029999493
softdist,127,1,3.9392736366742787,0.9278851835918589,0.004330142999947384,1.009062882999956
dist,127,1,3.4472852421164157,0.5129133198574998,0.004203253000014229,1.0101395560000128
difusco,127,1,1.1682521592034423,0.0052966443978785804,0.0008254439999291208,1.0060765999999148
dimes,127,1,4.500885454276249,0.6698227725031147,0.000735013999928924,1.0044877369999767
attgcn,127,1,5.07138504468474,0.5127860680473884,0.001130159000013009,1.0056587529999206
gnn,0,2,4.503459155633216,0.13955157030587362,0.12047615400001632,1.1255099800000608
softdist,0,2,4.422560690087574,0.4718093418312641,0.004687909000040236,1.0094508930000075
dist,0,2,4.595502034207688,0.45886290532493046,0.0038369510000393348,1.0083659079999734
difusco,0,2,2.5044304217034075,1.019063897950634,0.0007901789999777975,1.0067192679999835
dimes,0,2,6.25716808585095,0.6205451056713329,0.0008038329999635607,1.0051018939999494
attgcn,0,2,5.350705681077184,0.6466457807612347,0.0011134559999845806,1.0066294700000071
gnn,1,2,4.0434133061427735,0.4988917929109826,0.08158632800007126,1.0895573210000293
softdist,1,2,3.4340897009558002,1.02940546658159,0.004824296000037975,1.0100015570000096
dist,1,2,5.309972271961794,1.0781470054242792,0.0037983140000505955,1.0084430940000857
difusco,1,2,2.8797686618624807,0.4547608430426786,0.0008342910000465054,1.005847974000062
dimes,1,2,4.107654332136801,1.0330349116408843,0.000683876000039163,1.0044582670000182
attgcn,1,2,6.063450566570205,0.6396288930736294,0.0010247409999237789,1.008124377999934
gnn,2,2,3.7093979473460603,0.5064399780662532,0.14844477899998765,1.1551560489999702
softdist,2,2,4.323099802035535,0.8775917979438219,0.0048987950000309866,1.0102798120000216
dist,2,2,4.921350468826025,0.929069739488475,0.0056812450000052195,1.0131436890000032
difusco,2,2,0.5268788954622572,0.3426213650800314,0.0008403829999679147,1.0043276200000264
dimes,2,2,5.281982692331133,0.2660098362665009,0.0008005380000213336,1.0058488490000173
attgcn,2,2,7.500465234144649,1.0969222507162257,0.0010165829999095877,1.005556300999956
gnn,3,2,3.9868032628210592,0.5838917208566663,0.10879892499997368,1.1142176930000005
softdist,3,2,5.7269365581723575,0.7396353716127457,0.004294039999990673,1.0088091059999442
dist,3,2,5.744437970556393,0.26166607710165213,0.004039981000005355,1.0091193219999468
difusco,3,2,0.9278545291029561,0.5571832443751257,0.000742866999985381,1.0041265979999707
dimes,3,2,5.272319745533927,0.5236791534438234,0.000687541999923269,1.0040686679999453
attgcn,3,2,5.59239055796501,0.9629761185580676,0.0010555399999248039,1.0051423049999357
gnn,4,2,3.831620263078328,0.9460817451276915,0.11374766300002648,1.121916744000032
softdist,4,2,5.079126786510479,0.7675705986938341,0.004362407000030544,1.0088566919999948
dist,4,2,3.570069283493371,0.4788948869017373,0.004140204999998787,1.009523773000069
difusco,4,2,3.765301873232718,0.3751539352400357,0.0007877760000383205,1.0055922630000396
dimes,4,2,6.314818248369192,0.8916226041536746,0.0007131029999527527,1.0052907409999534
attgcn,4,2,5.9418336651159365,0.7564667572994788,0.0012422390000210726,1.005513255999972
gnn,5,2,5.661026175706074,0.7444219887080772,0.08855460799998127,1.0933846020000146
softdist,5,2,3.7297966656841153,0.1975745222919656,0.004641379999952733,1.009646638999925
dist,5,2,4.512792046591052,0.26464460183264205,0.0038344289999940884,1.0099298820000513
difusco,5,2,1.789316394514473,0.4802808305512274,0.0007921520000309101,1.0041765850000957
dimes,5,2,5.8751008870504995,1.2585678565065317,0.0007410420000724116,1.0048585610001055
attgcn,5,2,4.106958444333486,0.44357728887021164,0.0010556979999591931,1.0046825230000422
gnn,6,2,4.9504281891852076,1.1049597729319238,0.13373728400006257,1.1406846580000547
softdist,6,2,3.831711850027286,0.6595815214252898,0.004268467999963832,1.0099786649999487
dist,6,2,4.125932135924404,1.4427086709449588,0.004559273999916513,1.0104418979999537
difusco,6,2,1.842476654499281,0.5232206281522878,0.0008205529999258943,1.0042977359998986
dimes,6,2,5.044165203309481,0.9446599998123917,0.0009058800000047995,1.005119925000031
attgcn,6,2,5.613623980632765,1.1017716390698817,0.001169773000015084,1.0058874379999452
gnn,7,2,5.2599016089927675,0.7405031164977594,0.10231388700003663,1.1075126920000002
softdist,7,2,5.141898689675761,0.3758463399778922,0.005006323999964479,1.0140872359999094
dist,7,2,5.113387700346861,0.5575354497117324,0.0044743229999539835,1.0108216620000121
difusco,7,2,0.8762246797095585,0.24998132447746624,0.0008745709999402607,1.0201738060000025
dimes,7,2,4.5744588161021005,0.27016240980699546,0.0007716860000073211,1.0063004910000473
attgcn,7,2,6.89643865815488,0.006289827746686072,0.0012734329999375404,1.0053502529999605
gnn,8,2,2.6530049243543186,0.3373771340959175,0.11685501700003442,1.1223027900000488
softdist,8,2,3.813005771903044,1.0845877603402165,0.005373236999957953,1.0123741849999988
dist,8,2,3.7976268277593483,0.40758358663972594,0.0036869589999923846,1.0091004319999684
difusco,8,2,2.225511356887333,0.5556743486182736,0.0007528259999389775,1.0067748740000297
dimes,8,2,4.61077128423053,0.7890170049546175,0.0006596810000019104,1.0046163220000608
attgcn,8,2,4.7393900222914676,1.3982555926969509,0.001044085999978961,1.0226721709999538
gnn,9,2,3.595048331118722,0.8984452710221191,0.08127963499998714,1.0860773440000457
softdist,9,2,5.16878428428631,1.119912583820848,0.004297034000046551,1.0088384539999424
dist,9,2,4.7226250424674765,0.8843695033631027,0.0037119659999689247,1.0100376479999795
difusco,9,2,2.4156352294143257,0.35025891214939264,0.0007685069999752159,1.0040870179999501
dimes,9,2,4.311467589213613,1.334143137542898,0.0006857050000235176,1.004346049999981
attgcn,9,2,5.9080684617010215,1.2706913562127164,0.0010679870000558367,1.0049300220000532
gnn,10,2,3.704129678559376,0.4201416042345807,0.12211551699999745,1.1276447989999951
softdist,10,2,3.965768511182821,0.5723199588246075,0.004948037999952248,1.0109531020000304
dist,10,2,6.098955638781378,1.3336252071262988,0.0042406019999816635,1.0092625270000326
difusco,10,2,0.8483354130142784,0.3208974865432035,0.0007747770000605669,1.0120175280000012
dimes,10,2,4.374997185137208,0.39859376361186527,0.00071106999996573,1.0069753120000087
attgcn,10,2,5.855177395495725,1.4365371624008194,0.000999321999984204,1.0111480300000721
gnn,11,2,4.131362942034222,0.516612279111528,0.09317917200007741,1.09800458899997
softdist,11,2,3.1358801403842396,0.4244443090042349,0.005855057000076158,1.0120456070000046
dist,11,2,4.974232761510944,1.0086996076493548,0.0043698780000340776,1.009955108999975
difusco,11,2,1.901759078820242,0.07593576907276578,0.0008148460000256819,1.0047718660000555
dimes,11,2,3.695910900779875,0.6910794565798906,0.0007035170000335711,1.0056579140000395
attgcn,11,2,4.60717368625323,0.6692627370838977,0.0010979380000435413,1.0054585510000607
gnn,12,2,5.2801422320266855,0.41035873850159277,0.12422213199999987,1.1317197529999703
softdist,12,2,4.174962068734955,0.999145480344632,0.004500574999951823,1.010732278999967
dist,12,2,3.8296422102813032,0.6908316512755253,0.00443339699995704,1.0095109789999697
difusco,12,2,3.2129298075677992,0.6344943924538216,0.0008033420000401748,1.0046176629999763
dimes,12,2,6.064245053799655,0.3959241720563167,0.000790786000038679,1.0046130130000392
attgcn,12,2,4.810902179902388,1.471697403306571,0.0010045650000165551,1.005276135000031
gnn,13,2,3.0227209761859664,0.20840333072928985,0.07702243200003522,1.0899087459999919
softdist,13,2,3.7625852026517137,0.38522510234972884,0.004326507999962814,1.009018545999993
dist,13,2,4.187871918948449,0.4631004610976541,0.0038932359999535038,1.0087570599999935
difusco,13,2,1.5351278645463484,0.009649998445904195,0.0008690399999977672,1.007107726000072
dimes,13,2,4.837420951554772,0.8671458671787535,0.0006684219999897323,1.0044380510000792
attgcn,13,2,7.932981573977171,0.7913808550429557,0.00126963100001376,1.0059882140000127
gnn,14,2,4.665707378805983,0.8249550380889037,0.11666055199998482,1.1222323169999981
softdist,14,2,3.9207753273312607,0.8830423100005591,0.0048304050000069765,1.0098710149999306
dist,14,2,4.457439470167013,0.9531422343882712,0.004328493000002709,1.0099000820000583
difusco,14,2,0.8939944199045868,0.013603944711815252,0.0007561990000795049,1.004078406000076
dimes,14,2,4.043025047687276,0.7830184325633871,0.0007298920000948783,1.0049612700000807
attgcn,14,2,6.089418253414891,1.2175193652288918,0.0010434140000370462,1.0047951159999684
gnn,15,2,3.0826483128941096,0.20791766548644564,0.1059932939999726,1.1109883400000626
softdist,15,2,4.609556225838829,0.34764114554912684,0.004280202000018107,1.0100974409999708
dist,15,2,4.2290109848024615,0.9907036627642363,0.004258494999930917,1.0099683769999501
difusco,15,2,1.3582356248051042,0.41364918302098097,0.0008071130000644189,1.004203895000046
dimes,15,2,4.602794706864799,1.3056287648101295,0.0006940870000562427,1.0047319160000825
attgcn,15,2,3.1198104744391664,0.6960358045970949,0.0010701720000270143,1.0099817380000786
gnn,16,2,4.364845716496291,0.16635384831826805,0.1069265370000494,1.1131549990000167
softdist,16,2,5.2698526340522855,1.358325818542161,0.004147208999938812,1.0089756489999218
dist,16,2,4.330339483917056,1.2133320911591916,0.003810872999906678,1.0083568909999485
difusco,16,2,2.775867996824366,0.5748692885943374,0.0009677210000518244,1.0183213600000727
dimes,16,2,6.656087415789136,1.156275010163088,0.0006508629999188997,1.0040736659999538
attgcn,16,2,5.540694471302143,1.1662688811618693,0.001024803000063912,1.0048522739999726
gnn,17,2,4.682926540765053,0.2333615835673708,0.12450935699996535,1.1314498409999487
softdist,17,2,3.493321164652552,0.6584607057817937,0.005196812999997746,1.0110526750000872
dist,17,2,3.194377458260278,0.7538898969537078,0.003825398000003588,1.008822208999959
difusco,17,2,1.7496513140198289,0.4305806005611812,0.0008138639999515362,1.0042530219999435
dimes,17,2,3.1864624024772414,0.5765462221437812,0.000657402000001639,1.0088177979999955
attgcn,17,2,4.596603163597268,0.4191636788688724,0.0010163219999412831,1.004895868999938
gnn,18,2,2.793903910164741,0.3091960159337992,0.11168065900005786,1.1164514310000868
softdist,18,2,3.490105439491087,0.36723815408432614,0.004355327999974179,1.0099318449999828
dist,18,2,5.704340967167276,0.42640265416213907,0.005566483000052358,1.0119151780000948
difusco,18,2,2.4666508650754926,0.7423551044684951,0.0007665989999168232,1.004290631999993
dimes,18,2,4.49104838375276,0.6646206880095873,0.0007589880000296034,1.0054464500000222
attgcn,18,2,3.1179522753035815,0.47664391008841456,0.0011695459999145896,1.0052931049999643
gnn,19,2,3.3644656624652214,0.21055612002700563,0.08967397700007496,1.0952842710000823
softdist,19,2,4.194214159027809,0.7855169033253562,0.008603139999991072,1.0158810780000067
dist,19,2,4.209961156321418,0.19903171780397688,0.005634276000023419,1.0107415690000607
difusco,19,2,1.298740793063291,0.3615008794926933,0.0008194440000579561,1.0055549200000087
dimes,19,2,5.367232501473929,0.7535748937969045,0.0007235319999381318,1.0046713890000092
attgcn,19,2,3.7210739516677194,0.3614286914970899,0.0012120850000201244,1.0057357609999826
gnn,20,2,4.575010938668012,0.5249935743652845,0.07876362999991215,1.083601423999994
softdist,20,2,4.9232492326319655,0.4222836822120213,0.004778718000011395,1.0099363829999675
dist,20,2,4.47416928575779,0.9269111688196663,0.004150538999965647,1.009065822000025
difusco,20,2,1.2154871275586565,0.5749766631916398,0.0007970509999495334,1.0098228209999434
dimes,20,2,5.882011385772934,0.8594572554284419,0.000665363000052821,1.0050323630000548
attgcn,20,2,4.7030390984819315,0.5423625980903735,0.001000349000037204,1.0050571780000155
gnn,21,2,4.797728249596034,0.7826111920957279,0.12529618999997183,1.1307524940000349
softdist,21,2,4.009607291537964,0.43255487018853955,0.005002072000024782,1.0113023789999716
dist,21,2,5.107636884363198,0.7435684315997726,0.00379266999993888,1.0087458560000186
difusco,21,2,2.1901728634537765,0.7593913704698751,0.0008013120000214258,1.0043551040000693
dimes,21,2,6.034400495437864,1.0115911399618982,0.0007354910000003656,1.0065296159999662
attgcn,21,2,6.371207615233332,0.794333328520147,0.0010474089999661373,1.0046624279999605
gnn,22,2,4.6948366980337,0.6179299005157235,0.1223086319999993,1.127879771000039
softdist,22,2,4.996131610749166,0.5288576184083293,0.00413729299998522,1.0087761659999614
dist,22,2,4.5979225393750545,0.3131274265194772,0.0038074700000834127,1.0083926220000876
difusco,22,2,3.404555121245756,0.7192727417537625,0.0007761020000316421,1.0054982489999702
dimes,22,2,5.843274536881826,1.0692781671223228,0.0006693719999475434,1.0046685549999665
attgcn,22,2,5.955407633154519,0.5127101739120343,0.0009932230000231357,1.004746190999981
gnn,23,2,3.439037607095674,0.2711709200549972,0.10262975099999494,1.1087987110000768
softdist,23,2,4.417702710028615,0.6692796954058666,0.0042334129999517245,1.0105721399999084
dist,23,2,3.9227724929545627,0.7752533390616545,0.004427739999982805,1.0106126700000004
difusco,23,2,0.7443795062233471,0.06436937915155205,0.0007172430000537133,1.0038263540000116
dimes,23,2,4.301697885485645,1.0552595047926605,0.0006636399999706555,1.005459971999926
attgcn,23,2,4.77372636980351,0.9326835054859428,0.0011654209999960585,1.0058137440000792
gnn,24,2,3.263500442539491,0.2391337693683715,0.07789454500004922,1.0831808960000444
softdist,24,2,3.211282739466337,0.7398472386015431,0.004491648999987774,1.0093842790000735
dist,24,2,4.242242345038694,0.7845073100663402,0.004295875000025262,1.0138356800000565
difusco,24,2,1.9503445311792822,0.39403291250823536,0.0007595069999979387,1.004204718999972
dimes,24,2,3.712459207066332,1.5629229353536722,0.0006720059999452133,1.0053714099999524
attgcn,24,2,7.627623883452328,1.150631729396978,0.0010997749999432926,1.006969056999992
gnn,25,2,4.7185998535606455,0.5226070884255085,0.13365018399997552,1.1402242159999787
softdist,25,2,4.011019721104159,0.47699923579362924,0.004832713000041622,1.0093788650000306
dist,25,2,3.375697288296564,0.6809855007128496,0.0038735500000939282,1.0083450880000555
difusco,25,2,2.10465713534147,0.5001682582008948,0.0011013770000545264,1.0056685509999852
dimes,25,2,3.106837694490472,0.7471370656761511,0.0007078470000578818,1.0045670450000443
attgcn,25,2,5.249402743302656,0.6761171386927334,0.0010256369999979142,1.0052890140000272
gnn,26,2,2.420071918455746,0.13862499335928202,0.09142551100001128,1.09617356199999
softdist,26,2,3.762460424692904,0.675082522114101,0.0045682789999546,1.0095469890000004
dist,26,2,4.930527764543635,0.6819491887281481,0.0049349869999559814,1.012093436999976
difusco,26,2,2.168991095026618,0.7185657954577263,0.000797532999968098,1.005616003
dimes,26,2,4.086099216273809,0.9372627380466403,0.0006794380000201272,1.0068987089999837
attgcn,26,2,5.716876919395797,0.7010799141627944,0.0010406819999388972,1.0047932569999602
gnn,27,2,4.638817925167049,0.4638786304272058,0.12497724100001051,1.1340674230000332
softdist,27,2,3.5599970964863337,0.5564767221613476,0.005279562999930931,1.0112863479999987
dist,27,2,5.928707568470326,0.7839187076115417,0.004886161999934302,1.0114243399999623
difusco,27,2,3.1671946853963684,1.1770883351497785,0.0008310750000646294,1.0071096780000062
dimes,27,2,6.319126223503502,0.34519605996281566,0.0010979959999986022,1.0074914519999538
attgcn,27,2,6.668259161870482,0.6516672878104979,0.0014560140000412503,1.0074867309999718
gnn,28,2,4.794202145780724,0.8141188936653831,0.11863733899997442,1.124070448999987
softdist,28,2,5.220425908819348,0.6058297514270672,0.006564260999994076,1.0128659350000362
dist,28,2,4.819363393151144,0.5807180187316963,0.004261310000060803,1.0104363430000376
difusco,28,2,1.0965556058484038,0.06357298567554182,0.0009341969999923094,1.0044810990000315
dimes,28,2,5.469851996872932,0.3666967196060522,0.000677107999990767,1.0051657679999835
attgcn,28,2,7.181738308468977,1.4130850420823293,0.0009859819999746833,1.006533969999964
gnn,29,2,4.445115422466439,0.7219907951772742,0.13608946400006516,1.141484255000023
softdist,29,2,3.9878738602803665,0.7874121083658814,0.004573948000029304,1.0094696119999753
dist,29,2,4.926781970629257,1.4213170297199484,0.0061592360000304325,1.015819335999936
difusco,29,2,4.437157940784631,0.9707733351770553,0.0008065009999427275,1.0042871949999608
dimes,29,2,5.319517516878136,1.026190101511082,0.0006995210000013685,1.0044407620000584
attgcn,29,2,5.528299256317548,0.5789031578398385,0.001111336000008123,1.0049006420000524
gnn,30,2,4.992428233175428,0.041952153782554014,0.08185508699989441,1.0888551109999298
softdist,30,2,5.983229936217693,0.2450650111066377,0.004475364999962039,1.0099578720000864
dist,30,2,5.380449772997453,0.5837706931039577,0.004148158000134572,1.009273296000174
difusco,30,2,3.70299256634834,0.21069987404180868,0.0007771789998969325,1.0047371139999086
dimes,30,2,4.638063163745043,0.2491507788688896,0.0006274429999848508,1.0047254230000817
attgcn,30,2,3.191281171107141,0.98741588033604,0.0010115709999354294,1.0048286880000887
gnn,31,2,4.467264930058779,0.04575654663694362,0.10144015900004888,1.1057324480000261
softdist,31,2,3.7742725405757405,0.04313007262388702,0.004338154999913968,1.009926261999908
dist,31,2,4.7194684227008565,0.07216899791893105,0.004005652999921949,1.0088421809998636
difusco,31,2,1.4442972690817513,0.019800189886587383,0.0008464640000056534,1.0144119920000776
dimes,31,2,4.024553189101754,0.06794001599967903,0.0007167660000959586,1.0041780629999266
attgcn,31,2,6.216928368301922,0.37122163762368654,0.0009855749999587715,1.0049835570000596
gnn,32,2,2.3586083587756157,0.028309216258848302,0.11961919500004115,1.1324907309999617
softdist,32,2,4.628045313693896,0.63407952038248,0.00701163999997334,1.0148809360000541
dist,32,2,4.1223272434494085,0.1684840051737746,0.004514298999993116,1.0099090599999272
difusco,32,2,2.490645477173037,0.8809564556523597,0.0008396769999308162,1.0047192639999594
dimes,32,2,5.811245379442509,1.3060826995427544,0.0007171580000431277,1.004913163000083
attgcn,32,2,4.432630709203811,0.9641697140708061,0.000966610999967088,1.0050752580000335
gnn,33,2,3.1943691291465015,0.39251680218672647,0.16530225299993617,1.1774159629999303
softdist,33,2,4.373981427836293,0.5104450375637448,0.004254099000036149,1.0090337239998917
dist,33,2,3.8601904966693246,0.6343998252244853,0.005381552000017109,1.0138849090001258
difusco,33,2,1.6382657692456837,0.4802482596038882,0.00099628699990717,1.009079346999897
dimes,33,2,4.883097495257593,0.6066034083063832,0.0009724779999942257,1.004804601999922
attgcn,33,2,5.095200132568212,0.649177750657226,0.002627637000159666,1.0173597900000004
gnn,34,2,5.120158376162087,0.3693050214265803,0.09171235999997407,1.0985755159999826
softdist,34,2,5.201899408712585,0.8905050731531805,0.0061829300000226795,1.0147937440001442
dist,34,2,3.6321496954315746,0.3674080927930756,0.005792761000066093,1.011127763000104
difusco,34,2,2.799093943037745,0.5164678057659966,0.0010714469999584253,1.0061799079999219
dimes,34,2,7.194303918156453,0.276742177492606,0.0006789730000491545,1.0055704890000925
attgcn,34,2,6.155740965456458,0.5870048563872299,0.0011013749999619904,1.0054941109999618
gnn,35,2,4.883897754236655,0.7223972598828787,0.10010388099999545,1.1059866439998132
softdist,35,2,4.959735538255594,0.7233355510328332,0.004516104999993331,1.0097278370001277
dist,35,2,4.2932159485753685,1.0141370339903588,0.004216769000095155,1.0091240730000663
difusco,35,2,0.395100805411297,0.12657591674780644,0.0007856350000565726,1.0045792299999903
dimes,35,2,5.380776655464969,1.1948701602660705,0.0006735740000749502,1.0052332249999836
attgcn,35,2,3.49314853994267,0.6160102903430609,0.0010295909999058495,1.0055943459999526
gnn,36,2,3.9800955684383688,0.3035990273958511,0.11721158000000287,1.1227587879998282
softdist,36,2,5.85119351768566,0.2927811508500966,0.0042072609999195265,1.0092581540000083
dist,36,2,5.353243030791677,0.5974019107184203,0.0038376490001610364,1.0087858540000525
difusco,36,2,4.604733509990733,0.5760646660069257,0.0007694579999224516,1.0041646259999197
dimes,36,2,5.628465908344449,0.5702389898062821,0.0006702929999846674,1.0044617409998864
attgcn,36,2,5.0059042998050085,0.9763957174134807,0.0010503569999400497,1.0055909549998887
gnn,37,2,3.822111708342857,0.1893529611175948,0.11349714700008917,1.119659701000046
softdist,37,2,4.484596145764708,0.8059359659152499,0.0046740600000703125,1.0095732849999877
dist,37,2,4.828593272930792,1.3971515606090001,0.0039023509998514783,1.0088137359998655
difusco,37,2,2.770128076047329,0.4224548617437929,0.0008532670001386577,1.0051881389999835
dimes,37,2,5.4114125136500935,0.9755136522277441,0.0006910899999184039,1.0072486010001285
attgcn,37,2,7.0230431204238775,0.7797964347365571,0.0013039190000654344,1.0069113550000566
gnn,38,2,3.295186913768977,0.6202636161431796,0.0801058810000086,1.084848379999812
softdist,38,2,4.522784042211647,0.2177607699922257,0.004153705999897284,1.0086510500000259
dist,38,2,5.636653810197534,0.1376660406497976,0.004217594000010649,1.0102063090000684
difusco,38,2,1.7235134335673585,0.3018605977008537,0.0008533210000223335,1.004496429000028
dimes,38,2,7.616561057723992,0.6071971085880756,0.0007923699999992095,1.0056382410000424
attgcn,38,2,5.365856754785248,0.9671440400910614,0.0009992149998652167,1.0051333730000351
gnn,39,2,5.781393952437508,0.6047405700535746,0.11983444600014082,1.1287875750001604
softdist,39,2,4.8166930279210485,0.8120236540637871,0.0054352529998595855,1.0109839249998913
dist,39,2,4.607091802440766,0.44829440288285394,0.004191538999975819,1.009694287000002
difusco,39,2,2.865778207720826,0.5327762366068578,0.000791719999824636,1.0076060569999754
dimes,39,2,4.725569332619894,0.95377366013909,0.0007004349999988335,1.0047125809999216
attgcn,39,2,5.522275064798254,0.9714821575214971,0.0013382780000483763,1.0124265360000209
gnn,40,2,4.519667190193966,0.4467417478043689,0.08669321700017463,1.091738236000083
softdist,40,2,4.636393285592533,0.6830749580835738,0.006770096000082049,1.013685298000155
dist,40,2,4.610322682345425,0.705918331548272,0.004275760999917111,1.0090602450000006
difusco,40,2,2.574655914104218,0.43396824577306425,0.0012483999998949002,1.0194862220000687
dimes,40,2,6.056038368627981,0.2769044440961377,0.000709393000079217,1.0179465619999064
attgcn,40,2,6.49257738012885,0.8514887773910518,0.0013064209999811283,1.00551625900016
gnn,41,2,5.233148965972134,0.3413163418447107,0.1043633960000534,1.1116940570000224
softdist,41,2,4.085498214831995,0.6814484130061027,0.0063434260000576614,1.012474574999942
dist,41,2,3.1154451936449057,0.09873244166518358,0.005407539000088946,1.0113240600001063
difusco,41,2,1.3396512112602954,0.20902131356350662,0.0007878930000515538,1.0044897320001382
dimes,41,2,4.0391934170623145,0.7783562740022898,0.0006873419999919861,1.0043158789999325
attgcn,41,2,4.809663891540006,1.2235866250934757,0.0010402240000075835,1.015586581000207
gnn,42,2,4.472527871930954,0.34682751423367186,0.1183233609999661,1.1238217489999442
softdist,42,2,6.210194508882161,0.7605861348302767,0.0044878830001380265,1.009382364999965
dist,42,2,5.2918278974268596,0.6982901205068837,0.004008122999948682,1.0084903819999909
difusco,42,2,2.009831456020539,0.5803560057728419,0.0009558260001085728,1.0065702829999736
dimes,42,2,5.241276327130007,1.5913398781099097,0.0007076770000367105,1.0041994099999556
attgcn,42,2,5.22064284334649,0.5224923094061751,0.0010000909999234864,1.0073210250000102
gnn,43,2,3.347014791166414,0.6849077353550115,0.10121075800020662,1.108289128000024
softdist,43,2,4.300032300778733,0.15348681878144532,0.00450743499982309,1.0097607860000153
dist,43,2,4.12265252006867,0.22895781387328729,0.004570392000005086,1.009770394999805
difusco,43,2,1.7359829644394198,0.7190542594956328,0.0008009790001324291,1.0043213800001922
dimes,43,2,7.171305877323775,1.3215814048081809,0.0010010889998284256,1.0052405649998946
attgcn,43,2,3.6908438641806374,0.45158571986951834,0.0011360819999026717,1.0062242469998637
gnn,44,2,3.812811270737959,0.1555040233976568,0.09342044799996074,1.0983131939999566
softdist,44,2,3.5427614643160688,0.4966100746897961,0.004777312999976857,1.0119773229998827
dist,44,2,5.2717093771221135,0.4670817820087825,0.004269143000101394,1.021961014999988
difusco,44,2,1.510576330225022,0.2273374982337817,0.0007728510001925315,1.0061441350001132
dimes,44,2,5.996150860303029,0.9861156120961612,0.0009461719998853368,1.0067477729999155
attgcn,44,2,6.606315029708343,0.8478263636057637,0.0010937570000351116,1.0164125880000938
gnn,45,2,4.572765216803298,0.17075844774703253,0.1519069959999797,1.1589251410000543
softdist,45,2,5.008760925692135,1.1242094809262193,0.006228605000160314,1.0114698320001025
dist,45,2,4.597927981322836,0.4647661950762494,0.004456599999912214,1.0124949339999603
difusco,45,2,1.458709692308191,0.3960834565408966,0.001073453999879348,1.005603758999996
dimes,45,2,5.10533759200642,1.051210039399586,0.0008691010000347887,1.0068788020000738
attgcn,45,2,3.8609446111248724,0.4238118451775241,0.0012547870001071715,1.0068557340000552
gnn,46,2,4.228397892662361,0.6817385747208693,0.14365030899989506,1.1530325219998758
softdist,46,2,4.812835566524609,0.12820486559019795,0.004999163000093176,1.0108858330002022
dist,46,2,4.851714800101936,0.4663162528590892,0.006581437000022561,1.0171428439998635
difusco,46,2,0.8478623684896824,0.41492131855556114,0.0008873720000792673,1.0058988790001422
dimes,46,2,5.100699926596941,1.0331090258182352,0.0008917630000269128,1.0066197440000906
attgcn,46,2,4.905415922679057,0.8910005789354969,0.0013381579999531823,1.006360253000139
gnn,47,2,4.068355714017269,0.3741260772379462,0.12544387599996298,1.1301285570000346
softdist,47,2,3.655548718513435,0.41961905163883095,0.004804412000112279,1.0099715920000563
dist,47,2,3.72132962171563,1.1610733795864636,0.004232301000001826,1.0099354569999832
difusco,47,2,0.883831448522221,0.2628596790688942,0.0007499270000153047,1.0042150399999628
dimes,47,2,5.955802390388443,0.8508306093435447,0.0007319700000607554,1.004935580999927
attgcn,47,2,5.564551836380227,0.8155472316726309,0.0011678870000650932,1.0060201610001513
gnn,48,2,3.95216025431393,0.7478714498259542,0.09240443399994547,1.0981288469999981
softdist,48,2,2.297389634484648,0.2120107397056703,0.004534812999963833,1.008784850999973
dist,48,2,2.797500611438819,0.27760025077017136,0.00485337600002822,1.0100033569999596
difusco,48,2,2.210637109263369,0.7690894091806788,0.0008159110000178771,1.0048985879998327
dimes,48,2,3.8524412686950837,1.1066607547455698,0.0009215319998929772,1.0067046889998892
attgcn,48,2,5.724748185750328,0.6890457643677461,0.001076861999990797,1.0137803249999706
gnn,49,2,4.815318760625398,0.38480380410408355,0.13798123199990187,1.1445087810000132
softdist,49,2,6.03850115424398,0.8271885112771882,0.005998132000058831,1.0133922909999455
dist,49,2,4.323343861267981,0.9833088833208548,0.005309576999934507,1.0107285650001359
difusco,49,2,2.9166903964886526,0.5297139946281115,0.0010337710000385414,1.0108589100000245
dimes,49,2,6.541794156168734,0.542310281567504,0.0009031920001234539,1.0050285810000332
attgcn,49,2,5.209354576949643,1.6392872961905391,0.0011493470001369133,1.0058193330000904
gnn,50,2,3.805607871585548,0.20237351147207594,0.09104441900012716,1.097320333000198
softdist,50,2,4.944494391524956,0.17063476785526,0.004562542000030589,1.0098741649999283
dist,50,2,3.0736260929995485,0.501022656581096,0.004703611999957502,1.0105190230001426
difusco,50,2,0.6079871114753166,0.4119939162515962,0.0008438910001586919,1.0056691480001518
dimes,50,2,6.637583179538731,0.5064897509671651,0.0007096410001850018,1.0054340930000762
attgcn,50,2,5.329452152519343,0.9119184733853647,0.0011174669998581521,1.0051998849999109
gnn,51,2,3.1937881654034106,0.022630927817135493,0.14427517200010698,1.150773479999998
softdist,51,2,4.014917012089159,0.6357641151298443,0.00551509799993255,1.0111138140000548
dist,51,2,4.449164645484038,0.648135221130719,0.003903496000020823,1.0095386120001422
difusco,51,2,1.3984765761493545,0.12733235916404517,0.0007307480000235955,1.004508615000077
dimes,51,2,5.656760336905431,1.1784764498450784,0.0007872620001307951,1.0045538600002146
attgcn,51,2,5.8907242062771425,0.24198543367366376,0.0011347350000505685,1.0052524339998854
gnn,52,2,4.683603981673201,0.45119627375516114,0.13355062899995573,1.1399069569999938
softdist,52,2,4.42540388081567,0.4458272372780403,0.0043134709999321785,1.0107722019999983
dist,52,2,5.154451237856117,0.4226431410996101,0.004171337000116182,1.0103089130000171
difusco,52,2,1.8776386276890156,0.2721584052493675,0.0008110679998480919,1.0042024869999295
dimes,52,2,5.425300290191526,0.8901205259163048,0.000812007000149606,1.006013467999992
attgcn,52,2,7.326159037533486,0.7464208616637658,0.0011939729999994597,1.006177439000112
gnn,53,2,2.5597957892198986,0.44058504286634825,0.12050504899980297,1.1272687969999424
softdist,53,2,5.259754074870782,1.2324460923450964,0.0051429409998036135,1.0100720230000206
dist,53,2,6.659578667750776,0.6335755378591879,0.004275501000165605,1.0097634720000315
difusco,53,2,2.2119596216567006,0.2801612300009193,0.0007536769999205717,1.0041622950000146
dimes,53,2,5.486528975015803,1.45982743623978,0.0006621679999625485,1.0094301809999706
attgcn,53,2,4.440572445024671,0.9271724228053113,0.001094537999961176,1.0159590739999658
gnn,54,2,4.160189576033146,0.3595254815327076,0.08538566599986552,1.0902496579999479
softdist,54,2,3.563174616544851,0.6464989984355629,0.004100424000171188,1.01011607800001
dist,54,2,3.483390411627729,0.7383697255172628,0.005542516000105024,1.011490244000015
difusco,54,2,1.9231133950909252,0.3777524984074798,0.0010533929998928215,1.0060373199999049
dimes,54,2,5.345529002544502,0.5778511782585705,0.0006902049999553128,1.005184411000073
attgcn,54,2,3.964858551222039,0.4055062462404502,0.0010469979999925272,1.005034685000055
gnn,55,2,4.705044768269895,0.19569649366419917,0.09081769199997325,1.0985802269999567
softdist,55,2,4.438952685834829,0.4597957941972819,0.004754912999942462,1.0094709429999966
dist,55,2,4.389450834092834,0.5726636582214395,0.0037553909999132884,1.0081634880000365
difusco,55,2,1.847541427945587,0.5915541402488067,0.0007213559999854624,1.0041760350000004
dimes,55,2,5.638382833529354,1.211010054318229,0.0006625549999625946,1.007151555000064
attgcn,55,2,6.442390327275294,0.24133264727936865,0.001517186999990372,1.006495447999896
gnn,56,2,3.464693654483808,0.72035304714686,0.08285259700005554,1.0873431259999506
softdist,56,2,5.917755144184933,0.3575398325852186,0.004837002999920514,1.0096653810001044
dist,56,2,4.910510771565413,0.2907273529181964,0.005636963999904765,1.011636721999821
difusco,56,2,3.3921428153627087,1.0439995101618527,0.000738027999886981,1.0039952889999313
dimes,56,2,7.749269650391533,0.48718422601032874,0.0007131710001431202,1.0055978370000958
attgcn,56,2,5.431495841046652,0.6695507820777546,0.0009715079997931753,1.0052865789998577
gnn,57,2,3.1727069036962208,0.5351263700165809,0.11385003600003074,1.120065785999941
softdist,57,2,4.560462088776807,0.3702270149870346,0.004443093999952907,1.0090100160000475
dist,57,2,5.6334953751669525,0.4568992685571649,0.004282993000060742,1.0093141090001154
difusco,57,2,2.4517048761977467,0.35849437713466603,0.0010004339999341028,1.0076092119998066
dimes,57,2,5.578840841884358,0.9476979969880617,0.0007375370000772818,1.005591240000058
attgcn,57,2,5.396957697507254,0.6881319171900824,0.0011280710000391991,1.0058636139999635
gnn,58,2,4.922837570738103,0.34950328295157984,0.13308180700005323,1.141354868999997
softdist,58,2,4.449898994809476,1.0042965499723389,0.006227503999980399,1.0131624609998653
dist,58,2,6.466907196292659,1.2167514771145749,0.007083520999913162,1.0127085019998958
difusco,58,2,1.1190711031924927,0.29359285693724146,0.0008985630001916434,1.004766242000187
dimes,58,2,5.601948938216328,0.9890260951300744,0.0006850289998965309,1.0046626710000055
attgcn,58,2,6.010425500123562,0.6344247238406764,0.0010207779998836486,1.0057937619999393
gnn,59,2,3.225709516780495,0.4440291999667112,0.09111836200008838,1.0959868310001184
softdist,59,2,4.221428082865053,0.39450374730798377,0.004436312000052567,1.0090758670000923
dist,59,2,4.325691895528294,1.1875664707508449,0.003963706000149614,1.016375797000137
difusco,59,2,2.443285252055616,0.33989592068923713,0.000766317999932653,1.004308718999937
dimes,59,2,4.319041521938205,0.4556583660242586,0.0006957420000617276,1.0047433619999993
attgcn,59,2,4.367151240949885,0.4422912837533932,0.0011305959999390325,1.0053467059999548
gnn,60,2,4.673533093929039,0.6469763119419936,0.1042478320000555,1.1104270610001095
softdist,60,2,4.161309215662445,0.6277268726240681,0.00460088100021494,1.009805703000211
dist,60,2,3.3850201067071595,0.6512498710676162,0.003913446999831649,1.0083667689998492
difusco,60,2,1.7842673072913984,0.46634145935400273,0.0008164249998117157,1.004555418999871
dimes,60,2,4.697399023841897,0.5842045191760459,0.00073649299997669,1.0044014830000378
attgcn,60,2,5.005713289008873,0.8196033839846351,0.0009952079999493435,1.0046406179999394
gnn,61,2,3.3977316132322244,0.35096595274080045,0.11628665000012006,1.121752115000163
softdist,61,2,4.486288219075574,0.8519278044823109,0.004353796000032162,1.0144446399999651
dist,61,2,3.0413351677405442,0.44280396865545857,0.0038471309999295045,1.0085178509998514
difusco,61,2,0.7620350711886825,0.3581357608137603,0.0007665670000278624,1.004998502000035
dimes,61,2,5.111222600389231,1.8169675076320058,0.0009091839999655349,1.005682939000053
attgcn,61,2,6.011992349259976,1.0417050408072948,0.0012832299998990493,1.0062681459999112
gnn,62,2,3.548846143184492,0.7411871365947897,0.11334814099996038,1.1186050890000843
softdist,62,2,3.8344904101042854,0.527723445851036,0.004607494999845585,1.0096534129997963
dist,62,2,7.35082952335413,0.648588813024098,0.004610989999946469,1.0115543560000333
difusco,62,2,3.6048763294321606,0.14983701612341083,0.0007942559998355136,1.0043755719998444
dimes,62,2,5.5695171864889925,1.4180444317669627,0.0006822540001394373,1.0050717179999538
attgcn,62,2,4.401874595654487,0.5684432133281847,0.0010520480000195676,1.005643278999969
gnn,63,2,6.03288194686189,0.23815935058950632,0.0898082850001174,1.0951249619999999
softdist,63,2,4.579329416770306,0.9989070219246887,0.004884827000068981,1.010696009999947
dist,63,2,4.882683273371824,0.8620482369593674,0.003991624000036609,1.008922388999963
difusco,63,2,0.9446657193542096,0.24680539615100638,0.0011075970001002133,1.0057214010000735
dimes,63,2,3.922761808056263,0.39060663586891753,0.000826487000040288,1.008373150000125
attgcn,63,2,4.291639706323114,0.23256976200414226,0.0012377990001368744,1.0056806280001638
gnn,64,2,3.9895334427548335,0.375692647765713,0.07866990499996973,1.0835281960000884
softdist,64,2,3.6692733715986803,0.31959479747249997,0.006122500999936165,1.012097878999839
dist,64,2,4.419099919660474,0.31695148890571456,0.004584529999874576,1.0106035409999095
difusco,64,2,1.3389616333965515,0.08176271997084594,0.0008340440001575189,1.008306708000191
dimes,64,2,5.696900469067989,1.0965165422933465,0.0006358709999858547,1.0054706180001176
attgcn,64,2,5.291709127970434,0.6787330796092172,0.0010800879999806057,1.004808796999896
gnn,65,2,4.208910136719202,0.3025564690100957,0.11514959000010094,1.1370600320001358
softdist,65,2,4.612626452894841,1.0094347852818375,0.0047209090000706055,1.0101316269999643
dist,65,2,5.037820799528769,0.5491145143096121,0.004132406000053379,1.009821987000123
difusco,65,2,1.8554440232612546,0.44989723453412456,0.0008519600000909122,1.0051664110001184
dimes,65,2,3.5035038847782918,0.7024869361742736,0.0007349079999130481,1.004774215999987
attgcn,65,2,6.603827924862449,1.3005524466857876,0.0015065150000737049,1.007521319000034
gnn,66,2,3.7109196850052317,0.3539769031708273,0.12997558000006393,1.1361271599998872
softdist,66,2,3.557731761000271,0.2657821477801914,0.006000384000117265,1.0144153510000251
dist,66,2,3.33373232241414,0.26976494986106214,0.006017925000151081,1.013861137000049
difusco,66,2,1.576246285680294,0.36225244043550653,0.0008323980000568554,1.0046303530000387
dimes,66,2,5.116405461597129,0.536435377900446,0.0008463070000743755,1.006052304999912
attgcn,66,2,4.481542812944395,0.09563389961972923,0.001150428000073589,1.005062068000143
gnn,67,2,4.491013867412463,0.25496036399834665,0.11098459599998023,1.116787338999984
softdist,67,2,4.5060697153335605,0.851241007396597,0.004346994999878007,1.0088852110000062
dist,67,2,3.3740579378836344,0.17668757322375495,0.004273720999890429,1.0098840900000141
difusco,67,2,3.1212401614286955,1.1325524757991534,0.0008290989999295562,1.0057721669998045
dimes,67,2,5.482696851808888,1.4025303219000085,0.0006799709999540937,1.0052546720000919
attgcn,67,2,6.977233287934359,0.8164033201414123,0.0010430959998757316,1.0066862799999399
gnn,68,2,3.321576969074558,0.004674588475239716,0.07781623599998966,1.0903543819999868
softdist,68,2,4.280425024356349,0.7670054508754909,0.004538656000022456,1.0108402660000593
dist,68,2,3.973121678520375,0.6999298805275611,0.00412353699994128,1.0092101329998968
difusco,68,2,1.3800331136621047,0.2986193383791802,0.0007913580000149523,1.0081003899999814
dimes,68,2,4.783235862998514,1.1408605452807308,0.0007485359999463981,1.0069811889998164
attgcn,68,2,6.239312710325917,1.2117464308797121,0.0010769379998691875,1.0110483599999043
gnn,69,2,3.919989099990029,0.5019862667584141,0.13235995199988793,1.1391136689999257
softdist,69,2,4.611564206484653,0.3127569170071398,0.005574118999902566,1.0112157829998978
dist,69,2,5.001414340143073,0.7246608274158683,0.004216732000031698,1.009969041999966
difusco,69,2,2.135495352011718,0.6643407923737854,0.000955741999860038,1.0167484559999593
dimes,69,2,3.8339551972807584,0.11803221910504647,0.0008041710000270541,1.0056097780000073
attgcn,69,2,4.370633126559009,0.5525115131220337,0.0011920479998934752,1.006464176999998
gnn,70,2,4.7027147297449945,0.6227540868819936,0.0871461609999642,1.0916819729998224
softdist,70,2,3.445274035684709,0.6712678404643846,0.006343696999920212,1.013267629999973
dist,70,2,4.115191500923565,0.27209940597037185,0.0044006600001011975,1.0094380670000191
difusco,70,2,2.9410980377841955,0.9031528075285289,0.0008723270000245975,1.0091533320000963
dimes,70,2,7.033729080712914,0.9681565056953501,0.000688405000119019,1.004479233999973
attgcn,70,2,9.044753509279824,0.36241438113253643,0.001652979000027699,1.005699027999981
gnn,71,2,5.273457833273287,0.3542310476525312,0.09867523599996275,1.1047501670000202
softdist,71,2,5.157557118822087,0.6679786297996371,0.004441327000222373,1.0093253500001538
dist,71,2,3.7315849282454128,0.516811929132599,0.004079212000078769,1.0087794460000623
difusco,71,2,0.9664474639633269,0.35852070227320176,0.0024730980001095304,1.0072128429999339
dimes,71,2,4.917460356359538,0.7571232508567505,0.0007238150001285248,1.0051600020001388
attgcn,71,2,3.393456990736965,0.5088373315949024,0.0010025750000295375,1.006055076000166
gnn,72,2,3.276335261686425,0.30568861821387294,0.12155084100004387,1.1273416330000146
softdist,72,2,5.963307925625716,0.843880363466365,0.004399759000079939,1.0101841299999705
dist,72,2,3.7343246924653295,0.4504367370598894,0.00600456900019708,1.0137992300001315
difusco,72,2,0.9788159913685979,0.4921759151890859,0.0008291689998713991,1.0058381599999393
dimes,72,2,5.705468877027631,0.6989704007792419,0.0010134130000096775,1.005517196000028
attgcn,72,2,3.98701316983634,0.25542438619925445,0.0015433669998401456,1.012568323999858
gnn,73,2,4.117843877091931,0.6551755676059035,0.09993665600018176,1.105609222000112
softdist,73,2,5.488845557350719,0.6296037601807081,0.004359878000059325,1.0092812749999212
dist,73,2,4.278223423755878,0.89701605616197,0.00404396099997939,1.0087141589999646
difusco,73,2,2.5197793056906725,0.5447972642343313,0.0007351249998919229,1.0043438529999094
dimes,73,2,3.9490669962898073,1.0712475368179541,0.0006812060000811471,1.004435980999915
attgcn,73,2,6.5733455050607015,1.1915739777727863,0.0015607180000642984,1.0074116700000104
gnn,74,2,3.847149534459482,0.35447670324018077,0.10214872000005926,1.1070615830001316
softdist,74,2,4.548295046366246,0.873820416336768,0.0045354349999797705,1.009739053999965
dist,74,2,4.9069337913000055,0.2691107720377728,0.004122472000062771,1.0089506179999717
difusco,74,2,2.3842846618959523,0.0950252346093805,0.000957042999971236,1.0054333309999492
dimes,74,2,6.283524103908933,0.5747663011384629,0.0006937750001725362,1.0049140150001676
attgcn,74,2,5.401142180541063,0.7722122927368735,0.0011563820000901615,1.0202754580000146
gnn,75,2,4.252502396690816,0.2723751593239232,0.12422563599989189,1.1354656299999988
softdist,75,2,6.397140907287202,0.5598452514364416,0.004817810000076861,1.0098947540000154
dist,75,2,3.5826133063174392,0.6142341267758367,0.004589674000044397,1.0092770730000211
difusco,75,2,1.2036354579469277,0.8211017778775531,0.0010601920000681275,1.0061562020000565
dimes,75,2,5.483041931712207,0.7182418798028944,0.000728269999854092,1.0047141909999482
attgcn,75,2,4.481250578388907,0.5389624062224874,0.0014488919998711935,1.0070965009999782
gnn,76,2,4.209167120748858,0.10016151926626193,0.12337462800019239,1.1287272900001426
softdist,76,2,4.690933377142437,0.341836517444305,0.004449049999948329,1.0110388179998608
dist,76,2,3.9229862339585697,0.7562600287901455,0.0042097069999726955,1.0105557399999725
difusco,76,2,2.509462979705801,0.7323954576342828,0.0007507769998937874,1.004101222999907
dimes,76,2,4.4051311692145045,0.707107180581712,0.000715555000169843,1.0044379680000475
attgcn,76,2,6.386618428753943,0.38399102257491435,0.0009928289998697437,1.0051519869998629
gnn,77,2,3.8628522633335383,0.22187849379877722,0.07716425700004947,1.0819903960000374
softdist,77,2,3.325047458846986,0.15659928278910495,0.00586537600020165,1.0141603920001216
dist,77,2,3.309697913258902,0.7451559801755048,0.004192160000002332,1.0093605260001368
difusco,77,2,2.8247140302403384,0.22697402966822544,0.0007610390000536427,1.0077918039999076
dimes,77,2,6.193187684678625,0.26588440645327616,0.0008143799998379109,1.0051958199999262
attgcn,77,2,4.241577428358179,0.6555198452082189,0.0011917009999251604,1.0054124410000895
gnn,78,2,5.1308498716666096,0.6843160949248306,0.08737369699997544,1.094909312000027
softdist,78,2,4.373030458450877,1.1284475928648563,0.006171163000090019,1.012286326000094
dist,78,2,4.496697288356266,0.386864249163299,0.004280130999859466,1.010073193999915
difusco,78,2,0.9742819762541544,0.666061103075366,0.0007800599998972757,1.0038804440000604
dimes,78,2,5.100252791264559,0.9614757732956836,0.0006661790000634937,1.004727623000008
attgcn,78,2,4.8932980880606936,1.2104943481377806,0.001054154000030394,1.0051454979998198
gnn,79,2,4.177566947072453,0.9452698532228077,0.15318008799999916,1.1604102320000038
softdist,79,2,4.160264315111695,0.608323460602489,0.004997560999981943,1.010559738999973
dist,79,2,7.625396492396663,1.4025391557644484,0.004218256000058318,1.0112584399998923
difusco,79,2,1.995761169108734,0.43551011920748284,0.0008713659999557422,1.0046392399999604
dimes,79,2,4.471567473810589,1.8858160934402957,0.0007638810000116791,1.0058188870000322
attgcn,79,2,7.271442773796277,0.6684693547526432,0.0011368179998498817,1.0052828639998097
gnn,80,2,4.3930919772589005,0.12351177464204888,0.0776003020000644,1.082737065999936
softdist,80,2,5.404501930109196,0.7104144002735735,0.005951718999995137,1.0124658590000308
dist,80,2,3.6084129739519355,0.91055163294127,0.004708323000158998,1.0094933390000733
difusco,80,2,2.891683468554529,0.543400829901497,0.0007670499999221647,1.0044989119999173
dimes,80,2,5.830127250572015,1.1610991826655148,0.0006549529998665093,1.00540840199983
attgcn,80,2,5.984930771257613,1.0865605081237018,0.00104383300003974,1.0091282299999875
gnn,81,2,3.5547863445658967,0.47400174095855174,0.0884765350001544,1.093215397999984
softdist,81,2,6.7692778775906515,0.651645371522247,0.0042025349998766615,1.0097511569999824
dist,81,2,7.448163658753804,1.2168482373711154,0.004084068999873125,1.0093803390000176
difusco,81,2,2.902631426916491,0.40412305834336415,0.0008007970000107889,1.004064279999966
dimes,81,2,3.812430769998465,0.5423553533502545,0.0007996100000582373,1.0047503149999102
attgcn,81,2,5.760517683802302,0.6626046194677659,0.0012284730000828858,1.0057246270000633
gnn,82,2,3.0709794691232695,0.5654183064935703,0.11972915299998022,1.1269483150001633
softdist,82,2,6.009767347844908,1.2606051490690495,0.004300749000094584,1.0097035060000508
dist,82,2,4.173646893066008,1.4823733591760258,0.005723757999930967,1.0126161309999588
difusco,82,2,1.7978343192051938,0.33535034595715274,0.0007439319999775762,1.0043920160001107
dimes,82,2,6.094572906518336,1.685477128453905,0.0007976800000051298,1.005527506000135
attgcn,82,2,7.275643084799732,0.49660443831527346,0.0009582049999607989,1.0048750949999885
gnn,83,2,4.961720777545553,0.3065387649590745,0.08982789299989236,1.0945082000000639
softdist,83,2,3.564974902243856,0.13754235882950105,0.005047528999966744,1.0126551109999582
dist,83,2,5.965911240430621,1.010658681631904,0.0038306430001284753,1.0084495020000759
difusco,83,2,2.5835035522060013,0.4147313113877171,0.000804859999789187,1.0051107059998685
dimes,83,2,5.974646938783867,0.8035945788162913,0.0007450690000041504,1.00538635099997
attgcn,83,2,4.11673821862697,0.9793825554629265,0.0012063290000696725,1.005461146000016
gnn,84,2,3.3416947468236424,0.607862137340831,0.08061627500001123,1.0855331279999518
softdist,84,2,6.30306367801432,1.5235379057868759,0.004408155999954033,1.0088579519999712
dist,84,2,4.777466967289445,0.3587116517367317,0.0037943149998227454,1.0088438169998426
difusco,84,2,1.4798179956146962,0.6091510462149508,0.0008654939999814815,1.004375729000003
dimes,84,2,5.114258770584046,1.3956947048808566,0.0007788640000399027,1.0048545969998486
attgcn,84,2,5.319349795796224,0.6031360121052209,0.0010481100000561128,1.0049166510000305
gnn,85,2,2.749111463711351,0.19534602351316543,0.11801223499992375,1.1306330329998673
softdist,85,2,4.780932377217972,0.06953078861928752,0.0047335659999134805,1.0119425089999368
dist,85,2,4.305724328902905,0.706712389881603,0.004350088999899526,1.009333609999885
difusco,85,2,1.5241418865502787,0.18218983309359338,0.0008843620000789087,1.005242004000138
dimes,85,2,6.13106248691786,1.0841146079472619,0.0007749090000288561,1.005385821000118
attgcn,85,2,4.931277288669378,0.4367228485857133,0.0014770330001283583,1.0070637830001488
gnn,86,2,5.171930445264072,1.2701032565473058,0.12136274900012722,1.1283280160000686
softdist,86,2,4.963981205596846,1.0215249388150882,0.004166256999951656,1.008935681000139
dist,86,2,5.188736174449082,0.8676042566506448,0.0038355639999281266,1.0084684280000147
difusco,86,2,1.0108458753010696,0.40540021345951693,0.0008603940000284638,1.0148713850001059
dimes,86,2,5.526800626984429,0.7026831918462983,0.0007409089998873242,1.010397525999906
attgcn,86,2,4.068274308479336,0.3921410657060642,0.0009348080000108894,1.005002654000009
gnn,87,2,5.065278073602175,1.0648767599993114,0.09040183599995544,1.0958840260000215
softdist,87,2,4.4927062080994284,0.204025292445853,0.006046967999964181,1.0265262919999714
dist,87,2,6.088857039422413,0.697849683228835,0.0038142079999943235,1.0083176779999121
difusco,87,2,1.8402265447152066,0.534330383479098,0.000708690999999817,1.0041746480001166
dimes,87,2,4.285357947963608,1.297039745365991,0.00643707699987317,1.015232707999985
attgcn,87,2,5.608496806324559,0.7443660292181242,0.0011068989999785117,1.0359073390000049
gnn,88,2,3.9045125898987454,0.5709324335535726,0.07847293899999386,1.082967669000027
softdist,88,2,3.6319588889422993,0.36677583869177965,0.004193918000055419,1.0088915829999223
dist,88,2,3.4432282012482274,0.8135842427754225,0.003894211999977415,1.0113328309998906
difusco,88,2,1.4749433262381428,0.48891142653473274,0.0007716370000707684,1.016934597000045
dimes,88,2,6.668557345975423,1.1182126063284503,0.0007063389998620551,1.0058640929999
attgcn,88,2,4.9919683402929405,1.0087646320238397,0.0009961430000657856,1.0116259250000894
gnn,89,2,3.6042310562198754,0.13703664864235243,0.11803334000001087,1.1230537320000167
softdist,89,2,5.591992212256813,0.5761786980527095,0.004484563000005437,1.0095068420000644
dist,89,2,3.74935732006485,0.009457140016566612,0.005574380000098245,1.0112650260000464
difusco,89,2,1.5018412991359087,0.2011107227816611,0.0009484519998750329,1.0054099169999517
dimes,89,2,6.0110456790407385,0.9126523698072653,0.0006777510000119946,1.0051325700001144
attgcn,89,2,5.145734829253201,0.47331153625747024,0.0010269419999531237,1.0094740600000023
gnn,90,2,3.619051898272918,0.3791031779338372,0.07763921699984166,1.082251475000021
softdist,90,2,6.069655196382429,0.26506144934708153,0.0042049300000144285,1.0087507329999426
dist,90,2,5.422943419326565,0.787119380000334,0.003852415999972436,1.0085774489998585
difusco,90,2,2.3905934570528364,0.5823915129568702,0.0009715619999042246,1.0054689459998372
dimes,90,2,5.851878686642653,0.3365569116719147,0.0007460099998297665,1.0048892119998527
attgcn,90,2,5.73134639191073,0.7240459055862125,0.0011777090001032775,1.005751944000167
gnn,91,2,4.778469083257697,0.7368716286527466,0.11013266899999508,1.1157055989999662
softdist,91,2,6.005018688510622,0.8498766184342754,0.004561740000099235,1.0091362000000572
dist,91,2,4.457840200915997,0.9871723136623212,0.003901988999814421,1.0093989689999034
difusco,91,2,1.4545749887180381,0.273147125984452,0.0008121939999909955,1.0042945449999934
dimes,91,2,5.520621160261596,0.6343330337033048,0.0007576840000638185,1.0048990820000654
attgcn,91,2,4.796110976681556,0.9297145196151879,0.001113502999942284,1.0174566139999115
gnn,92,2,4.326607536426663,0.4224501940653713,0.1634889959998418,1.1701908029999686
softdist,92,2,4.336919302471087,0.5645542285224403,0.006941614999959711,1.0134162499998638
dist,92,2,4.186186590237928,0.568167287112642,0.0056263169999510865,1.0122492870000315
difusco,92,2,4.06136845192322,0.7305252661251371,0.0010472090000348544,1.0063937810000425
dimes,92,2,6.5466355523429165,1.4327643133507095,0.0006886619999022514,1.004401334000022
attgcn,92,2,4.398337366326643,0.5768709833938734,0.0011482900001738017,1.0051939060001587
gnn,93,2,3.5521249271148525,0.36470760490374676,0.09365812100008952,1.099028024000063
softdist,93,2,5.340931586817632,1.0145632808280292,0.005311462999998184,1.0109343219999118
dist,93,2,5.379491788226343,0.7489617264855974,0.003829655000117782,1.0117167780001637
difusco,93,2,2.7982041222938348,0.8305371504369052,0.0007385150001937291,1.0048470620001808
dimes,93,2,5.9144012199234375,0.9335141813060499,0.0006761150000329508,1.0049430369999754
attgcn,93,2,3.101380292981415,0.6811510708278012,0.0010317649998796696,1.0048327960000734
gnn,94,2,3.959041898383764,0.589643279683072,0.07829570600006264,1.0832292980001057
softdist,94,2,3.7695431502199117,0.027563211982561953,0.004108331999987058,1.008428573999936
dist,94,2,3.182399082409826,0.8927642496726396,0.004265697999926488,1.012308824999991
difusco,94,2,2.2019832503147985,0.5306757133780371,0.0008033130000058009,1.0055819340000198
dimes,94,2,4.99680433557812,1.1499685622763378,0.0007613509999373491,1.006130525999879
attgcn,94,2,4.176342311986403,0.861851070936881,0.001119152999990547,1.0099480829999266
gnn,95,2,3.0450796056825657,0.27137380332187266,0.14945510500001546,1.1569102509999993
softdist,95,2,4.961596844964311,0.6962424032805226,0.004646178000029977,1.0093969389999984
dist,95,2,3.854357909015116,1.1696373277614969,0.004414334000102826,1.0099383599999783
difusco,95,2,2.4344935494668762,0.6855397090610227,0.0007748780001293198,1.0041132020000987
dimes,95,2,3.843984226907615,0.5812979700634324,0.0006804809997902339,1.005477897999981
attgcn,95,2,7.870981533465349,1.1637100462648764,0.0011742320000394102,1.0108272910001688
gnn,96,2,4.133670949404822,0.6113027005633764,0.07878708800012646,1.0833956000001308
softdist,96,2,4.245685496618412,0.511728343590856,0.004116113999998561,1.0085609310001473
dist,96,2,4.4193201427534134,1.0754814963109594,0.004097095999895828,1.0085624749999624
difusco,96,2,1.3203025674873414,0.5457956332130198,0.0011926289998882567,1.0064577209998333
dimes,96,2,3.9045196360661727,0.4732840851717768,0.0006624789998568303,1.0043272809998598
attgcn,96,2,3.4887437219253803,0.4459813301905369,0.0011255759998221038,1.0048978879999595
gnn,97,2,3.2658123066112266,0.31860211049674625,0.0941623559999698,1.0988476439999886
softdist,97,2,5.532095919683799,0.7117035306245301,0.004400383999836777,1.00865146000001
dist,97,2,3.071168217171838,0.5092483724351116,0.00385480600016308,1.008547765000003
difusco,97,2,1.6659968439386663,0.7299121039008316,0.0007597650001116563,1.0056096519999755
dimes,97,2,4.266725446652031,1.2908016709229697,0.0006831529999544728,1.0045629389999249
attgcn,97,2,5.014976710161667,0.32540063506716344,0.0010817200000019511,1.0064572290000342
gnn,98,2,3.644511594314981,0.1354402980197955,0.1238288909999028,1.1323346169999695
softdist,98,2,4.961845477615379,1.3620656068618509,0.004425063000098817,1.0157595610000953
dist,98,2,3.932634095422949,0.2937350767235447,0.004171696999947017,1.009132149999914
difusco,98,2,0.9392567178835076,0.0,0.0008449439999367314,1.004163725999888
dimes,98,2,7.087952609544912,1.388300500882167,0.000898848000133512,1.0074814790000346
attgcn,98,2,5.352362151433465,1.4038056536147758,0.0011784420000822138,1.0060677030000988
gnn,99,2,5.025292487283206,1.1235312001922182,0.08322627899997315,1.0877592909998839
softdist,99,2,5.705215439832023,0.8502351429663824,0.004380724000156988,1.019736845000125
dist,99,2,7.235767381311353,1.048688454262603,0.003938153000035527,1.0093887939999604
difusco,99,2,1.19351696184824,0.45467824694260806,0.0007291000001714565,1.0040037910000592
dimes,99,2,4.576197424265427,1.002114005832233,0.0008561939998799062,1.0056010069999957
attgcn,99,2,4.559528835973903,0.486788779576508,0.001029023999990386,1.0053219009998884
gnn,100,2,5.1913696768187245,0.8310336947867647,0.07955180300018583,1.084144457000093
softdist,100,2,3.619653902501363,0.3833348956710836,0.004369420000102764,1.009813405000159
dist,100,2,4.105832930595921,1.2556289625729633,0.003852832000120543,1.0094646719999218
difusco,100,2,3.1414722308992005,0.6233558402644501,0.0007662880000225414,1.0046701650001069
dimes,100,2,5.898052626957839,0.624993190952372,0.0006841619999704562,1.0047769630000403
attgcn,100,2,4.331215963235091,0.4983569186373549,0.0010832979999122472,1.0047462760001054
gnn,101,2,3.0041736037581313,0.556147109777716,0.11102858399999604,1.116373380000141
softdist,101,2,3.7567059067802333,0.48462680128857905,0.004606059000025198,1.010172214000022
dist,101,2,3.7445915831394894,0.3757354562076376,0.0040128919999915524,1.0107935670000643
difusco,101,2,3.497762456199638,0.7843543833547573,0.0007877510001890187,1.0041737070000636
dimes,101,2,5.354878151215514,0.5471043356713556,0.0007898870001099567,1.0060658899999453
attgcn,101,2,4.443245008910357,0.5067760228673501,0.0010179920000155107,1.00492202800001
gnn,102,2,3.0444746154868696,0.24465952349113085,0.13238780699998642,1.1388539579997996
softdist,102,2,3.3738759438733057,0.4721251011340577,0.005983581999998933,1.01973884500012
dist,102,2,4.960702307489906,0.6197249509064529,0.005065324000042892,1.0109592780002004
difusco,102,2,2.9847308338667,0.550301141603482,0.0008003000000371685,1.004557875000046
dimes,102,2,5.092947576369555,0.5165499330072931,0.0009483530000125029,1.006186523999986
attgcn,102,2,5.5046422887848445,0.7395522139417965,0.0010232590000214259,1.005184083000131
gnn,103,2,3.3388308815492707,0.16536655382359822,0.09890099899985216,1.1033833980000054
softdist,103,2,4.541807221534455,0.3144555775206781,0.004353515000047992,1.0094063290000577
dist,103,2,4.345994835695333,0.420703990226734,0.004537668000011763,1.0096725980001793
difusco,103,2,2.284884259635489,0.4891211586782962,0.0008985489998849516,1.0125201640000796
dimes,103,2,4.572706769408708,0.8373360069134472,0.0006859860000076878,1.0045345359999374
attgcn,103,2,7.8236245505962865,1.2938053396395643,0.0011052859999836073,1.004804977000049
gnn,104,2,3.240170292332478,0.1700989322707347,0.09231005800006642,1.0973656470000606
softdist,104,2,5.1358130338340136,0.694440830022347,0.005973182999923665,1.0128388890000224
dist,104,2,5.357317950203044,0.971634537157029,0.004390168999861999,1.0098850279998715
difusco,104,2,2.4993551338243325,0.2147263439657321,0.0009233789999143482,1.0051641860000018
dimes,104,2,5.790047292052614,0.8617584034345205,0.0007019009999567061,1.006481053000016
attgcn,104,2,4.795474879414674,0.6900550169794073,0.0011494099999254104,1.0066325190000498
gnn,105,2,5.397689470573952,0.35505619897677754,0.1349530259999483,1.1860624630000984
softdist,105,2,8.0425446274748,1.1122455919414076,0.006722373000002335,1.014050166000061
dist,105,2,4.452596095804129,0.7833792236141113,0.004804621000175757,1.0107908320001115
difusco,105,2,2.2211967005132616,0.8939122349430617,0.001163796000128059,1.0072111790000235
dimes,105,2,4.349498970168875,0.8043780716973981,0.0009343379999791068,1.0071097469999586
attgcn,105,2,5.6823916870507585,0.8458517153992373,0.0010431509999762056,1.0061557199999243
gnn,106,2,5.031511937464539,0.7775740991126545,0.0889780669999709,1.098067441000012
softdist,106,2,5.051649902020805,0.7634799862691111,0.005784060999985741,1.011936389000084
dist,106,2,5.872664394260174,1.002949777265405,0.0039264649999495305,1.0092879589999484
difusco,106,2,1.6694822347360416,0.4180101514372092,0.000792746999877636,1.004505730999881
dimes,106,2,4.780136067246188,0.7502619992365789,0.0007640799999535375,1.0107623479998438
attgcn,106,2,5.783806063395436,1.272342117408698,0.001306501000044591,1.007997524000075
gnn,107,2,3.5441501154781063,0.44335044784815647,0.08974190899994028,1.0944864260000031
softdist,107,2,3.6357773590390385,0.5718934278662324,0.004137161000016931,1.0085998680001467
dist,107,2,5.175114501729783,0.8265925881667968,0.0060543949998645985,1.0127256519999719
difusco,107,2,3.8048383106687345,0.6590142577130642,0.000827566999987539,1.005214136999939
dimes,107,2,4.84240435368648,1.0024828208685888,0.000680722999959471,1.0053393880000385
attgcn,107,2,4.258452657413225,0.458321562968389,0.0010363399999278045,1.0050743570000122
gnn,108,2,5.17678248232285,0.683779521184702,0.11812643400003253,1.1256670440000107
softdist,108,2,3.4715733264156556,0.7885288347612596,0.0046900740001092345,1.0098904030000995
dist,108,2,4.306992643586405,0.5283573333493274,0.004201733999934731,1.011000895000052
difusco,108,2,0.7427105133206435,0.22008363773133865,0.0008144569999330997,1.0059529039999688
dimes,108,2,5.804817489185754,0.5747914278845689,0.0008426960000633699,1.0088367910000215
attgcn,108,2,5.227386942716095,1.0406077454848894,0.0010412500000711589,1.0052163500001825
gnn,109,2,5.419121994156173,0.7311600247124739,0.10236169499989956,1.1074954629998501
softdist,109,2,4.3544762340163246,0.29657751110456765,0.004968361999999615,1.0104009449999012
dist,109,2,5.44875842498469,0.18463423396795076,0.0039288659997964714,1.0099977599998056
difusco,109,2,2.814701511322726,0.27288706354504644,0.0008687399999871559,1.0044674470000245
dimes,109,2,7.278383420443646,1.4198905463907119,0.0006574579999778507,1.0049241929998516
attgcn,109,2,4.857560421575746,1.3389739288210745,0.0010327580000648595,1.0055310820000614
gnn,110,2,4.307383581202395,0.6394547450906618,0.09541333300012411,1.1006943090001187
softdist,110,2,4.371561609271146,0.316307643247038,0.004417352000018582,1.0092882179999378
dist,110,2,5.817175882816095,0.4896927205500168,0.0038293970001177513,1.008491499999991
difusco,110,2,1.298694674708778,0.9543719849239629,0.0007765960001506755,1.0040459420001753
dimes,110,2,5.732300500256593,0.5166756441382647,0.0006956969998554996,1.0056386399999155
attgcn,110,2,7.81157926677627,0.7917202392558886,0.00100616299982903,1.004544334000002
gnn,111,2,4.009367051375956,0.5069553770811641,0.11353899499999898,1.1203745909999725
softdist,111,2,3.8862684960484506,0.282477017804994,0.005060662000005323,1.0104964259999178
dist,111,2,4.069037638497486,0.12395607119937146,0.003952253000079509,1.0088974820000658
difusco,111,2,3.484926298059743,0.5403810092292849,0.0008009809998839046,1.0069447139999284
dimes,111,2,3.3926091291179183,0.17458733528423753,0.0009162449998711963,1.0063474470000529
attgcn,111,2,5.208335600846681,0.6113894552737253,0.0011594029999741906,1.005558691000033
gnn,112,2,4.090239838431797,0.8469830369500331,0.11466947200005961,1.1202606550000382
softdist,112,2,4.3179200733474365,1.0183698196925217,0.004475522999882742,1.009373764999964
dist,112,2,4.804644264209879,0.9200468324241706,0.0039127330001065275,1.009197216000075
difusco,112,2,3.783786501259989,0.9939378439737467,0.0011214580001706054,1.0060130130000289
dimes,112,2,4.146078643228979,1.0020773932600813,0.00070587200002592,1.006177222999895
attgcn,112,2,5.838470244681582,0.7603916314141035,0.0011877389999881416,1.005502235999984
gnn,113,2,4.25991248903268,0.4565184086484875,0.0896412130000499,1.1022729730000265
softdist,113,2,2.723093476961558,0.2985086912311363,0.004489290000037727,1.0111482200002229
dist,113,2,4.463502367492533,0.25290965313269353,0.004380694000019503,1.0098433699999987
difusco,113,2,1.7243625129165885,0.3227038628478951,0.0007948569998461608,1.0044100289999278
dimes,113,2,4.793094028277944,0.4714402640762394,0.0007140570000956359,1.0050684810000803
attgcn,113,2,2.7140162500158604,0.429934349035066,0.0012728289998449327,1.0057918909999444
gnn,114,2,3.0944831660387973,0.43465135587155146,0.08326587999999902,1.08781136399989
softdist,114,2,4.216279424290148,0.282406745269248,0.004276770000160468,1.00869581500001
dist,114,2,4.948083391198854,0.6062768227453663,0.003863533000185271,1.0084181150000404
difusco,114,2,0.5383749925180314,0.39124849357732305,0.0008938600001329178,1.004017345999955
dimes,114,2,5.319953062061122,0.6329748420743408,0.0008016300000690535,1.0095925099999477
attgcn,114,2,2.9608474588895817,0.2502496774082319,0.0013539879998916149,1.01509795700008
gnn,115,2,3.7853489405569096,0.4109799585469087,0.12807854600009705,1.1338434150000012
softdist,115,2,4.053435216883194,0.7546063593940167,0.00445772299985947,1.0088679709999724
dist,115,2,4.223224364762612,0.6029555954062848,0.005318746999819268,1.0126622499999485
difusco,115,2,1.8156327010593332,0.6277396948879188,0.001104581999925358,1.0055790199999137
dimes,115,2,3.9790596571613435,0.918558857324081,0.0007331379999868659,1.0160361170001124
attgcn,115,2,4.481817688163381,0.4587322066845534,0.0010684960000162391,1.0051755639999556
gnn,116,2,4.722897708050255,0.4403757027768407,0.13510968699984005,1.1404292329998498
softdist,116,2,6.003531899317016,0.5171524281100126,0.00452868699994724,1.0095062729999427
dist,116,2,6.318474423199838,1.1159410184507834,0.004082944999936444,1.0173716090000653
difusco,116,2,2.0502872690989937,0.5190387942887176,0.0008521449999534525,1.0041183019998243
dimes,116,2,6.558332360726027,0.6594532216101179,0.0007290109999757988,1.0053202229998988
attgcn,116,2,4.947783553058538,0.4689016989907202,0.0010565380000571167,1.0050798330000816
gnn,117,2,3.5485225406758802,0.2628856334213614,0.09964468900011525,1.1042106580000564
softdist,117,2,4.224640166262783,0.5737943335973661,0.005378238000048441,1.0121845529999973
dist,117,2,5.442586772533908,1.245518914677124,0.003967635999970298,1.0107173960000182
difusco,117,2,1.1682252115435388,0.2565092789490686,0.0007821149999927002,1.0040687309999612
dimes,117,2,4.3368737563802995,0.525507805889025,0.0007265070000812557,1.0105712399999902
attgcn,117,2,5.385188751204151,0.9288854213097997,0.0014158170001792314,1.0058288900002026
gnn,118,2,3.5672732554914433,0.7146866758303227,0.08308784700011529,1.0880691190000107
softdist,118,2,5.263204802774357,0.46676847491118334,0.004225994999842442,1.008934791999991
dist,118,2,4.831484837582711,0.714791090336675,0.005428209000001516,1.013537395999947
difusco,118,2,0.15696467028503136,0.11465163592525585,0.0008594829998855857,1.004455273999838
dimes,118,2,4.341493346953507,0.6744656701939578,0.0009250850000626087,1.0074046839999937
attgcn,118,2,4.805947566562185,0.8800297098102483,0.0013424290000330075,1.0066965690000416
gnn,119,2,3.5903117988285826,0.1390540751307734,0.15727769899990562,1.1653210449999278
softdist,119,2,5.195609337366425,0.30443583999941737,0.004418706999786082,1.0095368129998405
dist,119,2,4.806317087166256,0.7784887897590576,0.00383084199984296,1.0085093399998186
difusco,119,2,1.6771310832321973,0.423180064882156,0.0008659309999075049,1.0045221289999517
dimes,119,2,3.84492215299137,0.7594532899921846,0.0007133249998787505,1.0055437030000576
attgcn,119,2,4.59381347330754,0.11095269995538004,0.001628527000093527,1.0079954940001699
gnn,120,2,2.153013387996028,0.5435228665418235,0.0782889829999931,1.0882543070001702
softdist,120,2,3.7692898828204813,0.5732122461902245,0.004306252000105815,1.0090703630000917
dist,120,2,3.3376907861190297,0.5735854178792854,0.007092600000078164,1.011804815000005
difusco,120,2,1.9557428524844767,0.24745463174997706,0.0007958509997934016,1.0043472989998463
dimes,120,2,6.429171005880208,1.3822948260053591,0.0007354310000664555,1.0086870400000407
attgcn,120,2,5.541374731025228,0.870492724890215,0.0016287989999455021,1.0079228189999867
gnn,121,2,3.0590955896091065,0.5148441883568999,0.0941932519999682,1.0996130940000057
softdist,121,2,5.420589534748976,0.7075161988991496,0.00426855700015949,1.0105949310000142
dist,121,2,3.820283920813594,0.40320529952582174,0.004136649999963993,1.0096653470000092
difusco,121,2,2.0796703489881496,0.496794566917913,0.000869834000013725,1.0045118860000457
dimes,121,2,6.992124538363886,1.0217948467495575,0.0009176280000247061,1.006358400000181
attgcn,121,2,6.123584943589133,0.7313242567350775,0.0014177750001636014,1.0073776940000698
gnn,122,2,3.6324873170654692,0.8196219390885107,0.13158948599993892,1.143889986999966
softdist,122,2,3.8804627345213616,0.4052113073007124,0.004657990000168866,1.0092275210001844
dist,122,2,6.380799089880496,2.0484472083944993,0.004269475000000966,1.0098768889999974
difusco,122,2,0.7348720959522881,0.2072967119062019,0.0008253080000031332,1.0041476959997908
dimes,122,2,4.834869656875251,0.41089086920489404,0.0006514100000458711,1.0056681270000354
attgcn,122,2,5.990156644379785,0.7909456621873812,0.0012877920000846643,1.0063261370000873
gnn,123,2,3.8579237309620984,0.4184809946471635,0.09202322500004811,1.097128014999953
softdist,123,2,4.663739126986788,0.5609981908981654,0.004484821999994892,1.0094101079998836
dist,123,2,5.540766134327169,1.2333647690374816,0.004397005999862813,1.0094613999999638
difusco,123,2,3.0217021191041304,0.474566837966961,0.0008920549998947536,1.0049829649999538
dimes,123,2,5.131376003200949,0.38249282669649,0.0007186880000062956,1.0042781279998962
attgcn,123,2,6.271579643259573,0.5037383139626206,0.0012893309999526537,1.006205399999999
gnn,124,2,4.251030727629557,0.30628312097442656,0.09200106699995558,1.0996363430001566
softdist,124,2,4.921048127135252,0.4651759633100827,0.004670165999868914,1.0096780119999949
dist,124,2,3.404558613936004,0.440998935092618,0.004704685999968206,1.0103764399998454
difusco,124,2,2.5060082902043757,0.7423350684728103,0.0008635280000817147,1.0048220559999663
dimes,124,2,4.0745874308911745,0.7499941528623211,0.0009755589999258518,1.0059539330000007
attgcn,124,2,3.6749486485277316,0.8021901692544686,0.0011529880000580306,1.005504897000037
gnn,125,2,4.060849689395196,0.11904988113395909,0.1138242839999748,1.1194208179999805
softdist,125,2,4.340839688304454,0.4264066063114136,0.0044416430000637774,1.0099806339999304
dist,125,2,5.180672540785158,0.5678420876354284,0.003782941000054052,1.0085799720000068
difusco,125,2,1.2697360083064213,0.618115316185186,0.0007794690000082483,1.0056302450000203
dimes,125,2,3.82221248229504,0.5168718016936191,0.0006547680000039691,1.0042585119999785
attgcn,125,2,6.301850885847893,0.7262518413396091,0.001035669999964739,1.0053626500000519
gnn,126,2,2.578383929035688,0.4997201086588854,0.11964335800007575,1.126364556999988
softdist,126,2,3.214002030494112,0.31130089798012683,0.00436989300010282,1.0108103500001562
dist,126,2,3.7687955265360173,0.615506237989849,0.003995200999952431,1.008624447000102
difusco,126,2,1.206984410546874,0.46787524925782087,0.001029385000038019,1.0059535140001117
dimes,126,2,4.5647209562710955,0.38469714423998713,0.0009513699999388336,1.0061758050001117
attgcn,126,2,4.701091234740562,0.3194692690110523,0.0010199910000210366,1.0048594799998227
gnn,127,2,4.043097503853033,0.5612616348976252,0.11348228299993934,1.1187882389999686
softdist,127,2,3.9392736366742787,1.2813559398444196,0.004506020999997418,1.0098654529999749
dist,127,2,3.4472852421164157,0.2535255063906394,0.00412178200008384,1.0100416840000435
difusco,127,2,1.1682521592034423,0.0052966443978785804,0.00077830800000811,1.0040466220000326
dimes,127,2,4.500885454276249,0.8149856097944275,0.0007600700000693905,1.012647705000063
attgcn,127,2,5.07138504468474,0.4464497048256133,0.0015215099999750237,1.0058886499998607
